Source,Target
Felicia Pérez Moya,"Universidad de Ciencias Médicas de Sancti Spíritus, Facultad de Ciencias Médicas ""Dr. Faustino Pérez Hernández"". Sancti Spíritus, Cuba"
Carlos Javier Pérez Perez,"Universidad de Ciencias Médicas de Sancti Spíritus, Facultad de Ciencias Médicas ""Dr. Faustino Pérez Hernández"". Sancti Spíritus, Cuba"
Ángela Rosa Herrera Trocones,"Universidad de Ciencias Médicas de Sancti Spíritus, Facultad de Ciencias Médicas ""Dr. Faustino Pérez Hernández"". Sancti Spíritus, Cuba"
Norma Cabrera,"Departamento de Ciencia de la Computación, Universidad Central de Las Villas, Cuba"
Luisa González,"Departamento de Ciencia de la Computación, Universidad Central de Las Villas, Cuba"
Carlos García,"Departamento de Ciencia de la Computación, Universidad Central de Las Villas, Cuba"
Abel Rodr´ıguez Morffi,"Departamento de Ciencia de la Computación, Universidad Central de Las Villas, Cuba"
Luís Santiago Moreno,Universidad de la Habana
Luís Santiago Moreno,Universidad de Toronto
Luís Santiago Moreno,CENATAV
Andrés Gago Alonso,Universidad de la Habana
Andrés Gago Alonso,Universidad de Toronto
Andrés Gago Alonso,CENATAV
Prof. Dr. Luis Ramiro Piñeiro Díaz,Universidad de la Habana
Prof. Dr. Luis Ramiro Piñeiro Díaz,Universidad de Toronto
Prof. Dr. Luis Ramiro Piñeiro Díaz,CENATAV
Carlos Díaz Novo,Universidad de Oriente
Carlos Díaz Novo,Centro de Biofísica Medica
Cacoq Junot,Universidad de Oriente
Cacoq Junot,Centro de Biofísica Medica
Larisa Zamora Matamoros,Universidad de Oriente
Larisa Zamora Matamoros,Centro de Biofísica Medica
Gladys Linares Fleites,Departamento de Investigación en Ciencias Agrícolas.Instituto de CienciasBenemérita Universidad Autónoma de Puebla
Gladys Linares Fleites,Postgrado de Ciencias Ambientales- ICUAP
Gladys Linares Fleites,Universidad Autónoma del Estado de Hidalgo
José Víctor Tamariz Flores,Departamento de Investigación en Ciencias Agrícolas.Instituto de CienciasBenemérita Universidad Autónoma de Puebla
José Víctor Tamariz Flores,Postgrado de Ciencias Ambientales- ICUAP
José Víctor Tamariz Flores,Universidad Autónoma del Estado de Hidalgo
Jenaro Reyes M.,Departamento de Investigación en Ciencias Agrícolas.Instituto de CienciasBenemérita Universidad Autónoma de Puebla
Jenaro Reyes M.,Postgrado de Ciencias Ambientales- ICUAP
Jenaro Reyes M.,Universidad Autónoma del Estado de Hidalgo
Otilio Acevedo S.,Departamento de Investigación en Ciencias Agrícolas.Instituto de CienciasBenemérita Universidad Autónoma de Puebla
Otilio Acevedo S.,Postgrado de Ciencias Ambientales- ICUAP
Otilio Acevedo S.,Universidad Autónoma del Estado de Hidalgo
Jesús A. Ruiz Careaga,Departamento de Investigación en Ciencias Agrícolas.Instituto de CienciasBenemérita Universidad Autónoma de Puebla
Jesús A. Ruiz Careaga,Postgrado de Ciencias Ambientales- ICUAP
Jesús A. Ruiz Careaga,Universidad Autónoma del Estado de Hidalgo
Gladys Linares Fleites,"Dpto. de Investigaciones en Ciencias Agrícolas. B. Universidad Autónoma de Puebla, México."
Gladys Linares Fleites,Universidad Autónoma de Hidalgo.
Gladys Linares Fleites,"Postgrado en Ciencias Ambientales, ICUAP, B. Universidad Autónoma de Puebla, México."
Gladys Linares Fleites,"Texas A&M University, College Station, Texas. USA."
J.B. Dixon,"Dpto. de Investigaciones en Ciencias Agrícolas. B. Universidad Autónoma de Puebla, México."
J.B. Dixon,Universidad Autónoma de Hidalgo.
J.B. Dixon,"Postgrado en Ciencias Ambientales, ICUAP, B. Universidad Autónoma de Puebla, México."
J.B. Dixon,"Texas A&M University, College Station, Texas. USA."
M.A. Valera Pérez,"Dpto. de Investigaciones en Ciencias Agrícolas. B. Universidad Autónoma de Puebla, México."
M.A. Valera Pérez,Universidad Autónoma de Hidalgo.
M.A. Valera Pérez,"Postgrado en Ciencias Ambientales, ICUAP, B. Universidad Autónoma de Puebla, México."
M.A. Valera Pérez,"Texas A&M University, College Station, Texas. USA."
M.G. Tenorio Arvide,"Dpto. de Investigaciones en Ciencias Agrícolas. B. Universidad Autónoma de Puebla, México."
M.G. Tenorio Arvide,Universidad Autónoma de Hidalgo.
M.G. Tenorio Arvide,"Postgrado en Ciencias Ambientales, ICUAP, B. Universidad Autónoma de Puebla, México."
M.G. Tenorio Arvide,"Texas A&M University, College Station, Texas. USA."
O. A Acevedo Sandoval,"Dpto. de Investigaciones en Ciencias Agrícolas. B. Universidad Autónoma de Puebla, México."
O. A Acevedo Sandoval,Universidad Autónoma de Hidalgo.
O. A Acevedo Sandoval,"Postgrado en Ciencias Ambientales, ICUAP, B. Universidad Autónoma de Puebla, México."
O. A Acevedo Sandoval,"Texas A&M University, College Station, Texas. USA."
Pedro Domínguez Wade,"Universidad Pedagógica de Villa Clara, Cuba"
Pedro Domínguez Wade,Universidad de Matanzas
Jesús Barreto Molina,"Universidad Pedagógica de Villa Clara, Cuba"
Jesús Barreto Molina,Universidad de Matanzas
Dámasa Martínez Martínez,Facultad de Matemática Física y Computación
Dámasa Martínez Martínez,Universidad Central de Las Villas
Aida María Torres Alfonso,Facultad de Matemática Física y Computación
Aida María Torres Alfonso,Universidad Central de Las Villas
M. A. Herrera,Dpto. Matemática Aplicada. Facultad de Matemática y Computación. Universidad de La Habana. Cuba
M. A. Herrera,Unidad Académica Facultad de Matemática. Sede Acapulco. Universidad Autónoma de Guerrero. México
E. Menéndez,Dpto. Matemática Aplicada. Facultad de Matemática y Computación. Universidad de La Habana. Cuba
E. Menéndez,Unidad Académica Facultad de Matemática. Sede Acapulco. Universidad Autónoma de Guerrero. México
J. Villagómez,Dpto. Matemática Aplicada. Facultad de Matemática y Computación. Universidad de La Habana. Cuba
J. Villagómez,Unidad Académica Facultad de Matemática. Sede Acapulco. Universidad Autónoma de Guerrero. México
Minerva Montero Díaz,"Instituto de Cibernética, Matemática y Física, La Habana, Cuba"
Minerva Montero Díaz,"Universidad Veracruzana, Xalapa, México"
Minerva Montero Díaz,"Universidad de La Habana, La Habana, Cuba"
Mario M. Ojeda3,"Instituto de Cibernética, Matemática y Física, La Habana, Cuba"
Mario M. Ojeda3,"Universidad Veracruzana, Xalapa, México"
Mario M. Ojeda3,"Universidad de La Habana, La Habana, Cuba"
Ernestina Castell2,"Instituto de Cibernética, Matemática y Física, La Habana, Cuba"
Ernestina Castell2,"Universidad Veracruzana, Xalapa, México"
Ernestina Castell2,"Universidad de La Habana, La Habana, Cuba"
Rafael Oliva-Santos,Facultad de Matemática y Computación. Universidad de La Habana
Aymée de los Ángeles Marrero Severo,Universidad de La Habana
Miriam Nicado García,Universidad de La Habana
Wilfredo Morales Lezca,"Centro de Estudios para el Perfeccionamiento de la Educación Superior, Universidad de La Habana, La Habana, Cuba"
Wilfredo Morales Lezca,"Departamento de Matemática, Universidad de La Habana, La Habana, Cuba"
Wilfredo Morales Lezca,"Department of Mathematics, University of Central Florida, 4393 Andromeda Loop N, Orlando, FL 32816, USA"
Wilfredo Morales Lezca,Unidad Académica del Instituto de Investigaciones en Matemáticas Aplicadas y en Sistemas en Yucatán. Universidad Nacional Autónoma de México
Isidro A. Abelló Ugalde,"Centro de Estudios para el Perfeccionamiento de la Educación Superior, Universidad de La Habana, La Habana, Cuba"
Isidro A. Abelló Ugalde,"Departamento de Matemática, Universidad de La Habana, La Habana, Cuba"
Isidro A. Abelló Ugalde,"Department of Mathematics, University of Central Florida, 4393 Andromeda Loop N, Orlando, FL 32816, USA"
Isidro A. Abelló Ugalde,Unidad Académica del Instituto de Investigaciones en Matemáticas Aplicadas y en Sistemas en Yucatán. Universidad Nacional Autónoma de México
David Guinovart Sanjuán,"Centro de Estudios para el Perfeccionamiento de la Educación Superior, Universidad de La Habana, La Habana, Cuba"
David Guinovart Sanjuán,"Departamento de Matemática, Universidad de La Habana, La Habana, Cuba"
David Guinovart Sanjuán,"Department of Mathematics, University of Central Florida, 4393 Andromeda Loop N, Orlando, FL 32816, USA"
David Guinovart Sanjuán,Unidad Académica del Instituto de Investigaciones en Matemáticas Aplicadas y en Sistemas en Yucatán. Universidad Nacional Autónoma de México
Raúl Guinovart Díaz,"Centro de Estudios para el Perfeccionamiento de la Educación Superior, Universidad de La Habana, La Habana, Cuba"
Raúl Guinovart Díaz,"Departamento de Matemática, Universidad de La Habana, La Habana, Cuba"
Raúl Guinovart Díaz,"Department of Mathematics, University of Central Florida, 4393 Andromeda Loop N, Orlando, FL 32816, USA"
Raúl Guinovart Díaz,Unidad Académica del Instituto de Investigaciones en Matemáticas Aplicadas y en Sistemas en Yucatán. Universidad Nacional Autónoma de México
Julián Bravo Castillero,"Centro de Estudios para el Perfeccionamiento de la Educación Superior, Universidad de La Habana, La Habana, Cuba"
Julián Bravo Castillero,"Departamento de Matemática, Universidad de La Habana, La Habana, Cuba"
Julián Bravo Castillero,"Department of Mathematics, University of Central Florida, 4393 Andromeda Loop N, Orlando, FL 32816, USA"
Julián Bravo Castillero,Unidad Académica del Instituto de Investigaciones en Matemáticas Aplicadas y en Sistemas en Yucatán. Universidad Nacional Autónoma de México
Reinaldo Rodr(cid:237)guez Ramos,"Centro de Estudios para el Perfeccionamiento de la Educación Superior, Universidad de La Habana, La Habana, Cuba"
Reinaldo Rodr(cid:237)guez Ramos,"Departamento de Matemática, Universidad de La Habana, La Habana, Cuba"
Reinaldo Rodr(cid:237)guez Ramos,"Department of Mathematics, University of Central Florida, 4393 Andromeda Loop N, Orlando, FL 32816, USA"
Reinaldo Rodr(cid:237)guez Ramos,Unidad Académica del Instituto de Investigaciones en Matemáticas Aplicadas y en Sistemas en Yucatán. Universidad Nacional Autónoma de México
Gabriela Bayolo Soler,"Departamento de Matemática, Universidad de la Habana, La Habana, Cuba"
Aymée de los Ángeles Marrero Severo,"Departamento de Matemática, Universidad de la Habana, La Habana, Cuba"
Daniel Menció Padrón,"Departamento de Matemática, Universidad de la Habana, La Habana, Cuba"
Jose Alejandro Mesejo-Chiong,"Departamento de Matemática Aplicada, Facultad de Matemática y Computación, Universidad de La Habana, La Habana, Cuba"
Angela Mireya León-Mecías,"Departamento de Matemática Aplicada, Facultad de Matemática y Computación, Universidad de La Habana, La Habana, Cuba"
Celia T. González González,"Departamento de Matemática, Universidad de La Habana, La Habana, Cuba"
Mariano Rodríguez Ricard,"Departamento de Matemática, Universidad de La Habana, La Habana, Cuba"
Carlos Rafael Sebrango Rodríguez,"Centro de Bioactivos Químicos, UCLV, Villa Clara, Cuba"
Carlos Rafael Sebrango Rodríguez,"Centro de Inmunología Molecular, La Habana, Cuba"
Carlos Rafael Sebrango Rodríguez,"Universidad de La Habana, Facultad Matemática y Computación, Cuba"
Carlos Rafael Sebrango Rodríguez,"Universidad de Sancti Spíritus ""José Martí Pérez"", Centro de Estudios de Energía y Procesos Industriales (CEEPI), Cuba"
Carlos Rafael Sebrango Rodríguez,"Instituto de Medicina Tropical IPK, La Habana, Cuba"
Lizet Sánchez Valdés,"Centro de Bioactivos Químicos, UCLV, Villa Clara, Cuba"
Lizet Sánchez Valdés,"Centro de Inmunología Molecular, La Habana, Cuba"
Lizet Sánchez Valdés,"Universidad de La Habana, Facultad Matemática y Computación, Cuba"
Lizet Sánchez Valdés,"Universidad de Sancti Spíritus ""José Martí Pérez"", Centro de Estudios de Energía y Procesos Industriales (CEEPI), Cuba"
Lizet Sánchez Valdés,"Instituto de Medicina Tropical IPK, La Habana, Cuba"
Raúl Guinovart Díaz,"Centro de Bioactivos Químicos, UCLV, Villa Clara, Cuba"
Raúl Guinovart Díaz,"Centro de Inmunología Molecular, La Habana, Cuba"
Raúl Guinovart Díaz,"Universidad de La Habana, Facultad Matemática y Computación, Cuba"
Raúl Guinovart Díaz,"Universidad de Sancti Spíritus ""José Martí Pérez"", Centro de Estudios de Energía y Procesos Industriales (CEEPI), Cuba"
Raúl Guinovart Díaz,"Instituto de Medicina Tropical IPK, La Habana, Cuba"
Waldemart Baldoquin,"Centro de Bioactivos Químicos, UCLV, Villa Clara, Cuba"
Waldemart Baldoquin,"Centro de Inmunología Molecular, La Habana, Cuba"
Waldemart Baldoquin,"Universidad de La Habana, Facultad Matemática y Computación, Cuba"
Waldemart Baldoquin,"Universidad de Sancti Spíritus ""José Martí Pérez"", Centro de Estudios de Energía y Procesos Industriales (CEEPI), Cuba"
Waldemart Baldoquin,"Instituto de Medicina Tropical IPK, La Habana, Cuba"
Osvaldo Norman Montenegro,"Centro de Bioactivos Químicos, UCLV, Villa Clara, Cuba"
Osvaldo Norman Montenegro,"Centro de Inmunología Molecular, La Habana, Cuba"
Osvaldo Norman Montenegro,"Universidad de La Habana, Facultad Matemática y Computación, Cuba"
Osvaldo Norman Montenegro,"Universidad de Sancti Spíritus ""José Martí Pérez"", Centro de Estudios de Energía y Procesos Industriales (CEEPI), Cuba"
Osvaldo Norman Montenegro,"Instituto de Medicina Tropical IPK, La Habana, Cuba"
Gabriel Gil,"Departamento de Física Teórica, Instituto de Cibernética, Matemática y Física (ICIMAF), La Habana, Cuba"
Gabriel Gil,"Departamento de Física Teórica, Facultad de Física, Universidad de La Habana, La Habana, Cuba"
Alejandro Lage-Castellanos,"Departamento de Física Teórica, Instituto de Cibernética, Matemática y Física (ICIMAF), La Habana, Cuba"
Alejandro Lage-Castellanos,"Departamento de Física Teórica, Facultad de Física, Universidad de La Habana, La Habana, Cuba"
Yanet Rodríguez Sarabia,"Departamento de Física, Universidad Central Marta Abreu de Las Villas, Villa Clara, Cuba"
Yanet Rodríguez Sarabia,"Departamento de Matemática, Universidad Central Marta Abreu de Las Villas, Villa Clara, Cuba"
Yanet Rodríguez Sarabia,"Delegación del CITMA en Villa Clara, Villa Clara, Cuba"
Yanet Rodríguez Sarabia,"Centro Meteorológico de la Isla de la Juventud, INSMET, Isla de la Juventud, Cuba"
Yanet Rodríguez Sarabia,"Centro de Bioactivos Químicos, Villa Clara, Cuba"
Yanet Rodríguez Sarabia,"Centro Provincial de Higiene, Epidemiología y Microbiología, Villa Clara, Cuba"
Yanet Rodríguez Sarabia,"Centro de Estudios de Energía y Procesos Industriales CEEPI, Sancti Spíritus, Cuba"
Yanet Rodríguez Sarabia,"Departamento de Ciencias de la Computación, Universidad Central Marta Abreu de Las Villas, Villa Clara, Cuba"
María del Carmen Velasco Gómez,"Departamento de Física, Universidad Central Marta Abreu de Las Villas, Villa Clara, Cuba"
María del Carmen Velasco Gómez,"Departamento de Matemática, Universidad Central Marta Abreu de Las Villas, Villa Clara, Cuba"
María del Carmen Velasco Gómez,"Delegación del CITMA en Villa Clara, Villa Clara, Cuba"
María del Carmen Velasco Gómez,"Centro Meteorológico de la Isla de la Juventud, INSMET, Isla de la Juventud, Cuba"
María del Carmen Velasco Gómez,"Centro de Bioactivos Químicos, Villa Clara, Cuba"
María del Carmen Velasco Gómez,"Centro Provincial de Higiene, Epidemiología y Microbiología, Villa Clara, Cuba"
María del Carmen Velasco Gómez,"Centro de Estudios de Energía y Procesos Industriales CEEPI, Sancti Spíritus, Cuba"
María del Carmen Velasco Gómez,"Departamento de Ciencias de la Computación, Universidad Central Marta Abreu de Las Villas, Villa Clara, Cuba"
Carlos Rafael Sebrango Rodríguez,"Departamento de Física, Universidad Central Marta Abreu de Las Villas, Villa Clara, Cuba"
Carlos Rafael Sebrango Rodríguez,"Departamento de Matemática, Universidad Central Marta Abreu de Las Villas, Villa Clara, Cuba"
Carlos Rafael Sebrango Rodríguez,"Delegación del CITMA en Villa Clara, Villa Clara, Cuba"
Carlos Rafael Sebrango Rodríguez,"Centro Meteorológico de la Isla de la Juventud, INSMET, Isla de la Juventud, Cuba"
Carlos Rafael Sebrango Rodríguez,"Centro de Bioactivos Químicos, Villa Clara, Cuba"
Carlos Rafael Sebrango Rodríguez,"Centro Provincial de Higiene, Epidemiología y Microbiología, Villa Clara, Cuba"
Carlos Rafael Sebrango Rodríguez,"Centro de Estudios de Energía y Procesos Industriales CEEPI, Sancti Spíritus, Cuba"
Carlos Rafael Sebrango Rodríguez,"Departamento de Ciencias de la Computación, Universidad Central Marta Abreu de Las Villas, Villa Clara, Cuba"
Luis B. Lecha Estela,"Departamento de Física, Universidad Central Marta Abreu de Las Villas, Villa Clara, Cuba"
Luis B. Lecha Estela,"Departamento de Matemática, Universidad Central Marta Abreu de Las Villas, Villa Clara, Cuba"
Luis B. Lecha Estela,"Delegación del CITMA en Villa Clara, Villa Clara, Cuba"
Luis B. Lecha Estela,"Centro Meteorológico de la Isla de la Juventud, INSMET, Isla de la Juventud, Cuba"
Luis B. Lecha Estela,"Centro de Bioactivos Químicos, Villa Clara, Cuba"
Luis B. Lecha Estela,"Centro Provincial de Higiene, Epidemiología y Microbiología, Villa Clara, Cuba"
Luis B. Lecha Estela,"Centro de Estudios de Energía y Procesos Industriales CEEPI, Sancti Spíritus, Cuba"
Luis B. Lecha Estela,"Departamento de Ciencias de la Computación, Universidad Central Marta Abreu de Las Villas, Villa Clara, Cuba"
Carlos de la Caridad Rodríguez Fadragas,"Departamento de Física, Universidad Central Marta Abreu de Las Villas, Villa Clara, Cuba"
Carlos de la Caridad Rodríguez Fadragas,"Departamento de Matemática, Universidad Central Marta Abreu de Las Villas, Villa Clara, Cuba"
Carlos de la Caridad Rodríguez Fadragas,"Delegación del CITMA en Villa Clara, Villa Clara, Cuba"
Carlos de la Caridad Rodríguez Fadragas,"Centro Meteorológico de la Isla de la Juventud, INSMET, Isla de la Juventud, Cuba"
Carlos de la Caridad Rodríguez Fadragas,"Centro de Bioactivos Químicos, Villa Clara, Cuba"
Carlos de la Caridad Rodríguez Fadragas,"Centro Provincial de Higiene, Epidemiología y Microbiología, Villa Clara, Cuba"
Carlos de la Caridad Rodríguez Fadragas,"Centro de Estudios de Energía y Procesos Industriales CEEPI, Sancti Spíritus, Cuba"
Carlos de la Caridad Rodríguez Fadragas,"Departamento de Ciencias de la Computación, Universidad Central Marta Abreu de Las Villas, Villa Clara, Cuba"
David Rodríguez Fernández,"Departamento de Física, Universidad Central Marta Abreu de Las Villas, Villa Clara, Cuba"
David Rodríguez Fernández,"Departamento de Matemática, Universidad Central Marta Abreu de Las Villas, Villa Clara, Cuba"
David Rodríguez Fernández,"Delegación del CITMA en Villa Clara, Villa Clara, Cuba"
David Rodríguez Fernández,"Centro Meteorológico de la Isla de la Juventud, INSMET, Isla de la Juventud, Cuba"
David Rodríguez Fernández,"Centro de Bioactivos Químicos, Villa Clara, Cuba"
David Rodríguez Fernández,"Centro Provincial de Higiene, Epidemiología y Microbiología, Villa Clara, Cuba"
David Rodríguez Fernández,"Centro de Estudios de Energía y Procesos Industriales CEEPI, Sancti Spíritus, Cuba"
David Rodríguez Fernández,"Departamento de Ciencias de la Computación, Universidad Central Marta Abreu de Las Villas, Villa Clara, Cuba"
Bárbara Rodríguez,"Departamento de Física, Universidad Central Marta Abreu de Las Villas, Villa Clara, Cuba"
Bárbara Rodríguez,"Departamento de Matemática, Universidad Central Marta Abreu de Las Villas, Villa Clara, Cuba"
Bárbara Rodríguez,"Delegación del CITMA en Villa Clara, Villa Clara, Cuba"
Bárbara Rodríguez,"Centro Meteorológico de la Isla de la Juventud, INSMET, Isla de la Juventud, Cuba"
Bárbara Rodríguez,"Centro de Bioactivos Químicos, Villa Clara, Cuba"
Bárbara Rodríguez,"Centro Provincial de Higiene, Epidemiología y Microbiología, Villa Clara, Cuba"
Bárbara Rodríguez,"Centro de Estudios de Energía y Procesos Industriales CEEPI, Sancti Spíritus, Cuba"
Bárbara Rodríguez,"Departamento de Ciencias de la Computación, Universidad Central Marta Abreu de Las Villas, Villa Clara, Cuba"
Osvaldo Norman Montenegro,"Departamento de Física, Universidad Central Marta Abreu de Las Villas, Villa Clara, Cuba"
Osvaldo Norman Montenegro,"Departamento de Matemática, Universidad Central Marta Abreu de Las Villas, Villa Clara, Cuba"
Osvaldo Norman Montenegro,"Delegación del CITMA en Villa Clara, Villa Clara, Cuba"
Osvaldo Norman Montenegro,"Centro Meteorológico de la Isla de la Juventud, INSMET, Isla de la Juventud, Cuba"
Osvaldo Norman Montenegro,"Centro de Bioactivos Químicos, Villa Clara, Cuba"
Osvaldo Norman Montenegro,"Centro Provincial de Higiene, Epidemiología y Microbiología, Villa Clara, Cuba"
Osvaldo Norman Montenegro,"Centro de Estudios de Energía y Procesos Industriales CEEPI, Sancti Spíritus, Cuba"
Osvaldo Norman Montenegro,"Departamento de Ciencias de la Computación, Universidad Central Marta Abreu de Las Villas, Villa Clara, Cuba"
Lic. Roxana Pérez García,"Departamento de Física, Universidad Central Marta Abreu de Las Villas, Villa Clara, Cuba"
Lic. Roxana Pérez García,"Departamento de Matemática, Universidad Central Marta Abreu de Las Villas, Villa Clara, Cuba"
Lic. Roxana Pérez García,"Delegación del CITMA en Villa Clara, Villa Clara, Cuba"
Lic. Roxana Pérez García,"Centro Meteorológico de la Isla de la Juventud, INSMET, Isla de la Juventud, Cuba"
Lic. Roxana Pérez García,"Centro de Bioactivos Químicos, Villa Clara, Cuba"
Lic. Roxana Pérez García,"Centro Provincial de Higiene, Epidemiología y Microbiología, Villa Clara, Cuba"
Lic. Roxana Pérez García,"Centro de Estudios de Energía y Procesos Industriales CEEPI, Sancti Spíritus, Cuba"
Lic. Roxana Pérez García,"Departamento de Ciencias de la Computación, Universidad Central Marta Abreu de Las Villas, Villa Clara, Cuba"
Gabriela Bayolo Soler,"DepartamentodeMatemática,UniversidaddelaHabana,LaHabana,Cuba"
Daniel Menció Padrón,"DepartamentodeMatemática,UniversidaddelaHabana,LaHabana,Cuba"
Aymée de los Ángeles Marrero Severo,"DepartamentodeMatemática,UniversidaddelaHabana,LaHabana,Cuba"
Nana Cabo Bizet,"DepartamentodeFísica Teórica, InstitutodeCibernética, MatemáticayFísica, Calle E, No.309, Vedado, La Habana, Cuba"
Nana Cabo Bizet,"DepartamentodeFísica, DCI, Campus León, Universidad de Guanjuato, CP.37150, León, Guanajuato, México"
Alejandro Cabo Montes de Oca,"DepartamentodeFísica Teórica, InstitutodeCibernética, MatemáticayFísica, Calle E, No.309, Vedado, La Habana, Cuba"
Alejandro Cabo Montes de Oca,"DepartamentodeFísica, DCI, Campus León, Universidad de Guanjuato, CP.37150, León, Guanajuato, México"
Pedro Pablo de la Cruz Cobas,"DepartamentodeMatemáticaAplicada,UniversidaddeLaHabana,LaHabana,Cuba"
Pedro Pablo de la Cruz Cobas,"UniversidaddeLaHabana,LaHabana,Cuba"
Ernesto Quevedo Caballero,"DepartamentodeMatemáticaAplicada,UniversidaddeLaHabana,LaHabana,Cuba"
Ernesto Quevedo Caballero,"UniversidaddeLaHabana,LaHabana,Cuba"
José E. Valdés Castro,"DepartamentodeMatemáticaAplicada,UniversidaddeLaHabana,LaHabana,Cuba"
José E. Valdés Castro,"UniversidaddeLaHabana,LaHabana,Cuba"
Marelys Crespo Navas,"DepartamentodeMatemáticaAplicada,UniversidaddeLaHabana,LaHabana,Cuba"
Marelys Crespo Navas,"UniversidaddeLaHabana,LaHabana,Cuba"
Nancy Perez,"Dirección de Ensayos Clínicos, Centro de Inmunología Molecular, La Habana, Cuba"
Nancy Perez,"Facultad de Geografía, Universidad de La Habana, La Habana, Cuba"
Nancy Perez,"Facultad de Matemática y Computación, Universidad de La Habana, La Habana, Cuba"
Paula Fonte,"Dirección de Ensayos Clínicos, Centro de Inmunología Molecular, La Habana, Cuba"
Paula Fonte,"Facultad de Geografía, Universidad de La Habana, La Habana, Cuba"
Paula Fonte,"Facultad de Matemática y Computación, Universidad de La Habana, La Habana, Cuba"
Lizet Sánchez Valdés,"Dirección de Ensayos Clínicos, Centro de Inmunología Molecular, La Habana, Cuba"
Lizet Sánchez Valdés,"Facultad de Geografía, Universidad de La Habana, La Habana, Cuba"
Lizet Sánchez Valdés,"Facultad de Matemática y Computación, Universidad de La Habana, La Habana, Cuba"
Antonio Torres-Reyes,"Dirección de Ensayos Clínicos, Centro de Inmunología Molecular, La Habana, Cuba"
Antonio Torres-Reyes,"Facultad de Geografía, Universidad de La Habana, La Habana, Cuba"
Antonio Torres-Reyes,"Facultad de Matemática y Computación, Universidad de La Habana, La Habana, Cuba"
Patricia Lorenzo-Luaces Álvarez,"Dirección de Ensayos Clínicos, Centro de Inmunología Molecular, La Habana, Cuba"
Patricia Lorenzo-Luaces Álvarez,"Facultad de Geografía, Universidad de La Habana, La Habana, Cuba"
Patricia Lorenzo-Luaces Álvarez,"Facultad de Matemática y Computación, Universidad de La Habana, La Habana, Cuba"
Gemayqzel Bouza Allende,"Departamento de Matemática Aplicada, Universidad de La Habana, Cuba"
Sira M. Allende Alonso,"Departamento de Matemática Aplicada, Universidad de La Habana, Cuba"
William L. Sariol-Nuñez,"Departamento de Matemática Aplicada, Universidad de La Habana, Cuba"
Dr C. Miguel Cruz Ramírez,"Departamento de Matemática, Universidad de Holguín, Cuba"
Yanet Rodríguez Sarabia,"Centro de Investigaciones dela informática, Universidad Central 'Marta Abreu' de Las Villas, Villa Clara, Cuba"
Yanet Rodríguez Sarabia,"Facultad 2, Universidaddelas Ciencias Informáticas, La Habana, Cuba"
Yanet Rodríguez Sarabia,"Departamentode Ciencias dela computación, Universidad Central Marta Abreude Las Villas, Villa Clara, Cuba"
Carlos Morell Pérez,"Centro de Investigaciones dela informática, Universidad Central 'Marta Abreu' de Las Villas, Villa Clara, Cuba"
Carlos Morell Pérez,"Facultad 2, Universidaddelas Ciencias Informáticas, La Habana, Cuba"
Carlos Morell Pérez,"Departamentode Ciencias dela computación, Universidad Central Marta Abreude Las Villas, Villa Clara, Cuba"
Héctor González,"Centro de Investigaciones dela informática, Universidad Central 'Marta Abreu' de Las Villas, Villa Clara, Cuba"
Héctor González,"Facultad 2, Universidaddelas Ciencias Informáticas, La Habana, Cuba"
Héctor González,"Departamentode Ciencias dela computación, Universidad Central Marta Abreude Las Villas, Villa Clara, Cuba"
Minerva Montero Díaz,"Dpto. de Matemática, Instituto de Cibernética, Matemática y Física, La Habana, Cuba"
Sandy Sánchez Domínguez,"Departamento de Ingeniería Biomédica, Facultad de Ingeniería en Telecomunicaciones, Informática y Biomédica, Universidad de Oriente, Santiago de Cuba, Cuba"
Sandy Sánchez Domínguez,"Departamento de Telecomunicaciones, Facultad de Ingeniería en Telecomunicaciones, Informática y Biomédica, Universidad de Oriente, Santiago de Cuba, Cuba"
Sandy Sánchez Domínguez,"Centro Provincial de Higiene, Epidemiología y Microbiología, Santiago de Cuba, Cuba"
Sandy Sánchez Domínguez,"Departamento de Matemática, Facultad de Ciencias Naturales y Exactas, Universidad de Oriente, Cuba"
Sandy Sánchez Domínguez,"Dirección de Ciencia e Innovación Tecnológica, Centro Nacional de Electromagnetismo Aplicado, Universidad de Oriente, Santiago de Cuba, Cuba"
Sandy Sánchez Domínguez,"Universidad de Ciencias Médicas de Santiago de Cuba, Cuba"
Isabel Martén Powell,"Departamento de Ingeniería Biomédica, Facultad de Ingeniería en Telecomunicaciones, Informática y Biomédica, Universidad de Oriente, Santiago de Cuba, Cuba"
Isabel Martén Powell,"Departamento de Telecomunicaciones, Facultad de Ingeniería en Telecomunicaciones, Informática y Biomédica, Universidad de Oriente, Santiago de Cuba, Cuba"
Isabel Martén Powell,"Centro Provincial de Higiene, Epidemiología y Microbiología, Santiago de Cuba, Cuba"
Isabel Martén Powell,"Departamento de Matemática, Facultad de Ciencias Naturales y Exactas, Universidad de Oriente, Cuba"
Isabel Martén Powell,"Dirección de Ciencia e Innovación Tecnológica, Centro Nacional de Electromagnetismo Aplicado, Universidad de Oriente, Santiago de Cuba, Cuba"
Isabel Martén Powell,"Universidad de Ciencias Médicas de Santiago de Cuba, Cuba"
Antonio Iván Ruiz Chaveco,"Departamento de Ingeniería Biomédica, Facultad de Ingeniería en Telecomunicaciones, Informática y Biomédica, Universidad de Oriente, Santiago de Cuba, Cuba"
Antonio Iván Ruiz Chaveco,"Departamento de Telecomunicaciones, Facultad de Ingeniería en Telecomunicaciones, Informática y Biomédica, Universidad de Oriente, Santiago de Cuba, Cuba"
Antonio Iván Ruiz Chaveco,"Centro Provincial de Higiene, Epidemiología y Microbiología, Santiago de Cuba, Cuba"
Antonio Iván Ruiz Chaveco,"Departamento de Matemática, Facultad de Ciencias Naturales y Exactas, Universidad de Oriente, Cuba"
Antonio Iván Ruiz Chaveco,"Dirección de Ciencia e Innovación Tecnológica, Centro Nacional de Electromagnetismo Aplicado, Universidad de Oriente, Santiago de Cuba, Cuba"
Antonio Iván Ruiz Chaveco,"Universidad de Ciencias Médicas de Santiago de Cuba, Cuba"
Roberto Labrada-Claro,"Departamento de Ingeniería Biomédica, Facultad de Ingeniería en Telecomunicaciones, Informática y Biomédica, Universidad de Oriente, Santiago de Cuba, Cuba"
Roberto Labrada-Claro,"Departamento de Telecomunicaciones, Facultad de Ingeniería en Telecomunicaciones, Informática y Biomédica, Universidad de Oriente, Santiago de Cuba, Cuba"
Roberto Labrada-Claro,"Centro Provincial de Higiene, Epidemiología y Microbiología, Santiago de Cuba, Cuba"
Roberto Labrada-Claro,"Departamento de Matemática, Facultad de Ciencias Naturales y Exactas, Universidad de Oriente, Cuba"
Roberto Labrada-Claro,"Dirección de Ciencia e Innovación Tecnológica, Centro Nacional de Electromagnetismo Aplicado, Universidad de Oriente, Santiago de Cuba, Cuba"
Roberto Labrada-Claro,"Universidad de Ciencias Médicas de Santiago de Cuba, Cuba"
Erick Eduardo Ramirez-Torres,"Departamento de Ingeniería Biomédica, Facultad de Ingeniería en Telecomunicaciones, Informática y Biomédica, Universidad de Oriente, Santiago de Cuba, Cuba"
Erick Eduardo Ramirez-Torres,"Departamento de Telecomunicaciones, Facultad de Ingeniería en Telecomunicaciones, Informática y Biomédica, Universidad de Oriente, Santiago de Cuba, Cuba"
Erick Eduardo Ramirez-Torres,"Centro Provincial de Higiene, Epidemiología y Microbiología, Santiago de Cuba, Cuba"
Erick Eduardo Ramirez-Torres,"Departamento de Matemática, Facultad de Ciencias Naturales y Exactas, Universidad de Oriente, Cuba"
Erick Eduardo Ramirez-Torres,"Dirección de Ciencia e Innovación Tecnológica, Centro Nacional de Electromagnetismo Aplicado, Universidad de Oriente, Santiago de Cuba, Cuba"
Erick Eduardo Ramirez-Torres,"Universidad de Ciencias Médicas de Santiago de Cuba, Cuba"
Antonio Rafael Selva Castañeda,"Departamento de Ingeniería Biomédica, Facultad de Ingeniería en Telecomunicaciones, Informática y Biomédica, Universidad de Oriente, Santiago de Cuba, Cuba"
Antonio Rafael Selva Castañeda,"Departamento de Telecomunicaciones, Facultad de Ingeniería en Telecomunicaciones, Informática y Biomédica, Universidad de Oriente, Santiago de Cuba, Cuba"
Antonio Rafael Selva Castañeda,"Centro Provincial de Higiene, Epidemiología y Microbiología, Santiago de Cuba, Cuba"
Antonio Rafael Selva Castañeda,"Departamento de Matemática, Facultad de Ciencias Naturales y Exactas, Universidad de Oriente, Cuba"
Antonio Rafael Selva Castañeda,"Dirección de Ciencia e Innovación Tecnológica, Centro Nacional de Electromagnetismo Aplicado, Universidad de Oriente, Santiago de Cuba, Cuba"
Antonio Rafael Selva Castañeda,"Universidad de Ciencias Médicas de Santiago de Cuba, Cuba"
Marlon Cobas-Batista,"Departamento de Ingeniería Biomédica, Facultad de Ingeniería en Telecomunicaciones, Informática y Biomédica, Universidad de Oriente, Santiago de Cuba, Cuba"
Marlon Cobas-Batista,"Departamento de Telecomunicaciones, Facultad de Ingeniería en Telecomunicaciones, Informática y Biomédica, Universidad de Oriente, Santiago de Cuba, Cuba"
Marlon Cobas-Batista,"Centro Provincial de Higiene, Epidemiología y Microbiología, Santiago de Cuba, Cuba"
Marlon Cobas-Batista,"Departamento de Matemática, Facultad de Ciencias Naturales y Exactas, Universidad de Oriente, Cuba"
Marlon Cobas-Batista,"Dirección de Ciencia e Innovación Tecnológica, Centro Nacional de Electromagnetismo Aplicado, Universidad de Oriente, Santiago de Cuba, Cuba"
Marlon Cobas-Batista,"Universidad de Ciencias Médicas de Santiago de Cuba, Cuba"
Annia Ruiz Sánchez,"Departamento de Ingeniería Biomédica, Facultad de Ingeniería en Telecomunicaciones, Informática y Biomédica, Universidad de Oriente, Santiago de Cuba, Cuba"
Annia Ruiz Sánchez,"Departamento de Telecomunicaciones, Facultad de Ingeniería en Telecomunicaciones, Informática y Biomédica, Universidad de Oriente, Santiago de Cuba, Cuba"
Annia Ruiz Sánchez,"Centro Provincial de Higiene, Epidemiología y Microbiología, Santiago de Cuba, Cuba"
Annia Ruiz Sánchez,"Departamento de Matemática, Facultad de Ciencias Naturales y Exactas, Universidad de Oriente, Cuba"
Annia Ruiz Sánchez,"Dirección de Ciencia e Innovación Tecnológica, Centro Nacional de Electromagnetismo Aplicado, Universidad de Oriente, Santiago de Cuba, Cuba"
Annia Ruiz Sánchez,"Universidad de Ciencias Médicas de Santiago de Cuba, Cuba"
Luis Enrique Bergues Cabrales,"Departamento de Ingeniería Biomédica, Facultad de Ingeniería en Telecomunicaciones, Informática y Biomédica, Universidad de Oriente, Santiago de Cuba, Cuba"
Luis Enrique Bergues Cabrales,"Departamento de Telecomunicaciones, Facultad de Ingeniería en Telecomunicaciones, Informática y Biomédica, Universidad de Oriente, Santiago de Cuba, Cuba"
Luis Enrique Bergues Cabrales,"Centro Provincial de Higiene, Epidemiología y Microbiología, Santiago de Cuba, Cuba"
Luis Enrique Bergues Cabrales,"Departamento de Matemática, Facultad de Ciencias Naturales y Exactas, Universidad de Oriente, Cuba"
Luis Enrique Bergues Cabrales,"Dirección de Ciencia e Innovación Tecnológica, Centro Nacional de Electromagnetismo Aplicado, Universidad de Oriente, Santiago de Cuba, Cuba"
Luis Enrique Bergues Cabrales,"Universidad de Ciencias Médicas de Santiago de Cuba, Cuba"
Luis Eugenio Valdés García,"Departamento de Ingeniería Biomédica, Facultad de Ingeniería en Telecomunicaciones, Informática y Biomédica, Universidad de Oriente, Santiago de Cuba, Cuba"
Luis Eugenio Valdés García,"Departamento de Telecomunicaciones, Facultad de Ingeniería en Telecomunicaciones, Informática y Biomédica, Universidad de Oriente, Santiago de Cuba, Cuba"
Luis Eugenio Valdés García,"Centro Provincial de Higiene, Epidemiología y Microbiología, Santiago de Cuba, Cuba"
Luis Eugenio Valdés García,"Departamento de Matemática, Facultad de Ciencias Naturales y Exactas, Universidad de Oriente, Cuba"
Luis Eugenio Valdés García,"Dirección de Ciencia e Innovación Tecnológica, Centro Nacional de Electromagnetismo Aplicado, Universidad de Oriente, Santiago de Cuba, Cuba"
Luis Eugenio Valdés García,"Universidad de Ciencias Médicas de Santiago de Cuba, Cuba"
Mijail Borges Quintana,"Departamento de Matemática, Facultad de Ciencias Naturales y Exactas, Universidad de Oriente, Santiago de Cuba, Cuba"
Mijail Borges Quintana,"Dirección de Informatización, Universidad de Oriente, Santiago de Cuba, Cuba"
Eloy Rafael Oliveros Domínguez,"Departamento de Matemática, Facultad de Ciencias Naturales y Exactas, Universidad de Oriente, Santiago de Cuba, Cuba"
Eloy Rafael Oliveros Domínguez,"Dirección de Informatización, Universidad de Oriente, Santiago de Cuba, Cuba"
Yaidir Mustelier Ruiz,Instituto de Criptografía
Yaidir Mustelier Ruiz,Universidad de la Habana
Yaidir Mustelier Ruiz,Cuba
Yaidir Mustelier Ruiz,Facultad de Matemática y Computación
DraC Teresa Bernarda Pagés López,Instituto de Criptografía
DraC Teresa Bernarda Pagés López,Universidad de la Habana
DraC Teresa Bernarda Pagés López,Cuba
DraC Teresa Bernarda Pagés López,Facultad de Matemática y Computación
Yavseny Roque Hernández,Instituto de Criptografía
Yavseny Roque Hernández,Universidad de la Habana
Yavseny Roque Hernández,Cuba
Yavseny Roque Hernández,Facultad de Matemática y Computación
Adrian Donatien Charón,"DepartamentodeEducaciónenMatemática,UniversidadAntonioNariño,Bogota,Colombia"
Adrian Donatien Charón,"DepartamentodeMatemática,UniversidaddeOriente,SantiagodeCuba,Cuba"
Mijail Borges Quintana,"DepartamentodeEducaciónenMatemática,UniversidadAntonioNariño,Bogota,Colombia"
Mijail Borges Quintana,"DepartamentodeMatemática,UniversidaddeOriente,SantiagodeCuba,Cuba"
Miguel Angel Borges Trenard,"DepartamentodeEducaciónenMatemática,UniversidadAntonioNariño,Bogota,Colombia"
Miguel Angel Borges Trenard,"DepartamentodeMatemática,UniversidaddeOriente,SantiagodeCuba,Cuba"
Pedro Enrique Navarro Sosa,"Facultad de Ingenier´ıa Informa´tica, Universidad Tecnolo´gica de La Habana, La Habana, Cuba"
Pedro Enrique Navarro Sosa,"Instituto de Criptograf´ıa, Universidad de La Habana, La Habana, Cuba"
Raisa Socorro Llanes,"Facultad de Ingenier´ıa Informa´tica, Universidad Tecnolo´gica de La Habana, La Habana, Cuba"
Raisa Socorro Llanes,"Instituto de Criptograf´ıa, Universidad de La Habana, La Habana, Cuba"
Carlos Miguel Legón Pérez,"Facultad de Ingenier´ıa Informa´tica, Universidad Tecnolo´gica de La Habana, La Habana, Cuba"
Carlos Miguel Legón Pérez,"Instituto de Criptograf´ıa, Universidad de La Habana, La Habana, Cuba"
Roberto Labrada Claro,"Dirección de Criptografía, Ministerio del Interior, Santiago de Cuba, Cuba"
Roberto Labrada Claro,"Departamento de Matemática, Universidad de Oriente, Santiago de Cuba, Cuba"
Mijail Borges Quintana,"Dirección de Criptografía, Ministerio del Interior, Santiago de Cuba, Cuba"
Mijail Borges Quintana,"Departamento de Matemática, Universidad de Oriente, Santiago de Cuba, Cuba"
Miguel Angel Borges Trenard,"Dirección de Criptografía, Ministerio del Interior, Santiago de Cuba, Cuba"
Miguel Angel Borges Trenard,"Departamento de Matemática, Universidad de Oriente, Santiago de Cuba, Cuba"
Camilo Denis González,"Instituto de Criptografía, Universidad de La Habana, La Habana, Cuba"
DraC Teresa Bernarda Pagés López,"Instituto de Criptografía, Universidad de La Habana, La Habana, Cuba"
Arlet Ponce Alvarez,"Instituto de Criptografía, Universidad de La Habana, La Habana, Cuba"
Yessica Caridad Castan˜o Sainz,"Instituto de Criptografía, Universidad de La Habana, La Habana, Cuba"
Osmani Tito Corrioso,"Departamento de Matemática, Facultad de Ciencias de la Educación, Universidad de Guantánamo, Cuba"
Osmani Tito Corrioso,"Departamento de Matemática, Facultad de Ciencias Naturales y Exactas, Universidad de Oriente, Cuba"
Mijail Borges Quintana,"Departamento de Matemática, Facultad de Ciencias de la Educación, Universidad de Guantánamo, Cuba"
Mijail Borges Quintana,"Departamento de Matemática, Facultad de Ciencias Naturales y Exactas, Universidad de Oriente, Cuba"
Miguel Angel Borges Trenard,"Departamento de Matemática, Facultad de Ciencias de la Educación, Universidad de Guantánamo, Cuba"
Miguel Angel Borges Trenard,"Departamento de Matemática, Facultad de Ciencias Naturales y Exactas, Universidad de Oriente, Cuba"
Osmani Tito Corrioso,"Departamento de Matemática, Facultad de Ciencias de la Educación, Universidad de Guantánamo, Cuba"
Osmani Tito Corrioso,"Departamento de Matemática, Facultad de Ciencias Naturales y Exactas, Universidad de Oriente, Cuba"
Mijail Borges Quintana,"Departamento de Matemática, Facultad de Ciencias de la Educación, Universidad de Guantánamo, Cuba"
Mijail Borges Quintana,"Departamento de Matemática, Facultad de Ciencias Naturales y Exactas, Universidad de Oriente, Cuba"
Miguel Angel Borges Trenard,"Departamento de Matemática, Facultad de Ciencias de la Educación, Universidad de Guantánamo, Cuba"
Miguel Angel Borges Trenard,"Departamento de Matemática, Facultad de Ciencias Naturales y Exactas, Universidad de Oriente, Cuba"
DraC Teresa Bernarda Pagés López,"Departamentode Criptografía, Universidad de La Habana, La Habana, Cuba"
Yessica Caridad Castan˜o Sainz,"Departamentode Criptografía, Universidad de La Habana, La Habana, Cuba"
Carlos Miguel Legón Pérez,"Departamentode Criptografía, Universidad de La Habana, La Habana, Cuba"
DraC Teresa Bernarda Pagés López,"Departamentode Criptografía, Universidad de La Habana, La Habana, Cuba"
Yessica Caridad Castan˜o Sainz,"Departamentode Criptografía, Universidad de La Habana, La Habana, Cuba"
Carlos Miguel Legón Pérez,"Departamentode Criptografía, Universidad de La Habana, La Habana, Cuba"
Dr.C. José Fidel Hernández Advíncula,"DepartamentodeMatemática,UniversidaddeLaHabana,Cuba"
Beatriz de Rancell Montero Deus,"DepartamentodeMatemática,UniversidaddeLaHabana,Cuba"
Vivian Plasencia Calaña,"Departamento de Programación e Ingeniería de software, Universidad de la Habana, La Habana, Cuba"
Vivian Plasencia Calaña,Trabajador por cuenta propia
Aracelys García Armenteros,"Departamento de Programación e Ingeniería de software, Universidad de la Habana, La Habana, Cuba"
Aracelys García Armenteros,Trabajador por cuenta propia
Joanna Campbell Amos,"Departamento de Programación e Ingeniería de software, Universidad de la Habana, La Habana, Cuba"
Joanna Campbell Amos,Trabajador por cuenta propia
Nelson Tomás Hernández Reyes,"Departamento de Matemática-Física, Facultad de Ciencias Naturales y Exactas, Universidad de Ciencias Pedagógicas ""Enrique José Varona"", La Habana, Cuba"
Nelson Tomás Hernández Reyes,"Centro de Estudio de Matemática para Ciencias Técnicas, Universidad Tecnológica de la Habana ""José Antonio Echevarria"", La Habana, Cuba"
Nelson Tomás Hernández Reyes,"Facultad de Matemática y Computación MATCOM, Universidad de La Habana, La Habana, Cuba"
Nelson Tomás Hernández Reyes,"Universidad de Ciencias Pedagógicas ""Enrique José Varona"", La Habana, Cuba"
María del Carmen Rivalta Valladares,"Departamento de Matemática-Física, Facultad de Ciencias Naturales y Exactas, Universidad de Ciencias Pedagógicas ""Enrique José Varona"", La Habana, Cuba"
María del Carmen Rivalta Valladares,"Centro de Estudio de Matemática para Ciencias Técnicas, Universidad Tecnológica de la Habana ""José Antonio Echevarria"", La Habana, Cuba"
María del Carmen Rivalta Valladares,"Facultad de Matemática y Computación MATCOM, Universidad de La Habana, La Habana, Cuba"
María del Carmen Rivalta Valladares,"Universidad de Ciencias Pedagógicas ""Enrique José Varona"", La Habana, Cuba"
Ernesto A. López Cadalso,"Departamento de Matemática-Física, Facultad de Ciencias Naturales y Exactas, Universidad de Ciencias Pedagógicas ""Enrique José Varona"", La Habana, Cuba"
Ernesto A. López Cadalso,"Centro de Estudio de Matemática para Ciencias Técnicas, Universidad Tecnológica de la Habana ""José Antonio Echevarria"", La Habana, Cuba"
Ernesto A. López Cadalso,"Facultad de Matemática y Computación MATCOM, Universidad de La Habana, La Habana, Cuba"
Ernesto A. López Cadalso,"Universidad de Ciencias Pedagógicas ""Enrique José Varona"", La Habana, Cuba"
Yasser Martin Guillén,"Departamento de Matemática-Física, Facultad de Ciencias Naturales y Exactas, Universidad de Ciencias Pedagógicas ""Enrique José Varona"", La Habana, Cuba"
Yasser Martin Guillén,"Centro de Estudio de Matemática para Ciencias Técnicas, Universidad Tecnológica de la Habana ""José Antonio Echevarria"", La Habana, Cuba"
Yasser Martin Guillén,"Facultad de Matemática y Computación MATCOM, Universidad de La Habana, La Habana, Cuba"
Yasser Martin Guillén,"Universidad de Ciencias Pedagógicas ""Enrique José Varona"", La Habana, Cuba"
Mercedes M. Leal Acosta,"Departamento de Matemática-Física, Facultad de Ciencias Naturales y Exactas, Universidad de Ciencias Pedagógicas ""Enrique José Varona"", La Habana, Cuba"
Mercedes M. Leal Acosta,"Centro de Estudio de Matemática para Ciencias Técnicas, Universidad Tecnológica de la Habana ""José Antonio Echevarria"", La Habana, Cuba"
Mercedes M. Leal Acosta,"Facultad de Matemática y Computación MATCOM, Universidad de La Habana, La Habana, Cuba"
Mercedes M. Leal Acosta,"Universidad de Ciencias Pedagógicas ""Enrique José Varona"", La Habana, Cuba"
Antonio Iván Ruiz Chaveco,"Universidad de Ciencias Médicas de Santiago de Cuba, Cuba"
Antonio Iván Ruiz Chaveco,"University of the State of Amazonas, Brazil"
Antonio Iván Ruiz Chaveco,Mathematics department. Faculty of Education Sciences. Guantánamo University. Cuba
Antonio Iván Ruiz Chaveco,"Mathematics department. Faculty of Natural and Exact Sciences, University of Oriente. Santiago de Cuba, Cuba"
Sandy Sánchez Domínguez,"Universidad de Ciencias Médicas de Santiago de Cuba, Cuba"
Sandy Sánchez Domínguez,"University of the State of Amazonas, Brazil"
Sandy Sánchez Domínguez,Mathematics department. Faculty of Education Sciences. Guantánamo University. Cuba
Sandy Sánchez Domínguez,"Mathematics department. Faculty of Natural and Exact Sciences, University of Oriente. Santiago de Cuba, Cuba"
Annia Valiente Monte de Oca,"Universidad de Ciencias Médicas de Santiago de Cuba, Cuba"
Annia Valiente Monte de Oca,"University of the State of Amazonas, Brazil"
Annia Valiente Monte de Oca,Mathematics department. Faculty of Education Sciences. Guantánamo University. Cuba
Annia Valiente Monte de Oca,"Mathematics department. Faculty of Natural and Exact Sciences, University of Oriente. Santiago de Cuba, Cuba"
Isabel Martén Powell,"Universidad de Ciencias Médicas de Santiago de Cuba, Cuba"
Isabel Martén Powell,"University of the State of Amazonas, Brazil"
Isabel Martén Powell,Mathematics department. Faculty of Education Sciences. Guantánamo University. Cuba
Isabel Martén Powell,"Mathematics department. Faculty of Natural and Exact Sciences, University of Oriente. Santiago de Cuba, Cuba"
Éfren Vázquez Silva,"DepartamentodeMatema´tica, Universidad de Holgu´ın, Holgu´ın, Cuba"
Éfren Vázquez Silva,"Universidad Polite´cnica Salesiana, Sede Cuenca. Carrera de Ingenier´ıa Meca´nica. Campus El Vecino. Calle Vieja, 12-30y Elia Liut, Cuenca, Ecuador"
Éfren Vázquez Silva,"DepartamentodeLicenciaturaenMatema´tica, Universidad de Holgu´ın, Holgu´ın, Cuba"
Rosa Isabel Urquiza Salgado,"DepartamentodeMatema´tica, Universidad de Holgu´ın, Holgu´ın, Cuba"
Rosa Isabel Urquiza Salgado,"Universidad Polite´cnica Salesiana, Sede Cuenca. Carrera de Ingenier´ıa Meca´nica. Campus El Vecino. Calle Vieja, 12-30y Elia Liut, Cuenca, Ecuador"
Rosa Isabel Urquiza Salgado,"DepartamentodeLicenciaturaenMatema´tica, Universidad de Holgu´ın, Holgu´ın, Cuba"
Rafael M. Ávila Ávila,"DepartamentodeMatema´tica, Universidad de Holgu´ın, Holgu´ın, Cuba"
Rafael M. Ávila Ávila,"Universidad Polite´cnica Salesiana, Sede Cuenca. Carrera de Ingenier´ıa Meca´nica. Campus El Vecino. Calle Vieja, 12-30y Elia Liut, Cuenca, Ecuador"
Rafael M. Ávila Ávila,"DepartamentodeLicenciaturaenMatema´tica, Universidad de Holgu´ın, Holgu´ın, Cuba"
Camilo Mora Batista,"DepartamentodeMatema´tica, Universidad de Holgu´ın, Holgu´ın, Cuba"
Camilo Mora Batista,"Universidad Polite´cnica Salesiana, Sede Cuenca. Carrera de Ingenier´ıa Meca´nica. Campus El Vecino. Calle Vieja, 12-30y Elia Liut, Cuenca, Ecuador"
Camilo Mora Batista,"DepartamentodeLicenciaturaenMatema´tica, Universidad de Holgu´ın, Holgu´ın, Cuba"
Luis Manuel Ávila Nápolez,"FacultaddeMatema´tica,UniversidadAuto´nomadeGuerrero,Guerrero,Me´xico"
Luis Manuel Ávila Nápolez,"DepartamentodeMatema´tica,UniversidaddeHolgu´ın,Holgu´ın,Cuba"
Luis Manuel Ávila Nápolez,"DepartamentodeLicenciaturaenMatema´tica,UniversidaddeHolgu´ın,Holgu´ın,Cuba"
Ricardo Abreu Blaya,"FacultaddeMatema´tica,UniversidadAuto´nomadeGuerrero,Guerrero,Me´xico"
Ricardo Abreu Blaya,"DepartamentodeMatema´tica,UniversidaddeHolgu´ın,Holgu´ın,Cuba"
Ricardo Abreu Blaya,"DepartamentodeLicenciaturaenMatema´tica,UniversidaddeHolgu´ın,Holgu´ın,Cuba"
Rafael M. Ávila Ávila,"FacultaddeMatema´tica,UniversidadAuto´nomadeGuerrero,Guerrero,Me´xico"
Rafael M. Ávila Ávila,"DepartamentodeMatema´tica,UniversidaddeHolgu´ın,Holgu´ın,Cuba"
Rafael M. Ávila Ávila,"DepartamentodeLicenciaturaenMatema´tica,UniversidaddeHolgu´ın,Holgu´ın,Cuba"
Dr.C. José Fidel Hernández Advíncula,"Departamento de Matemática, Universidad de La Habana, La Habana, Cuba"
Dr.C. José Fidel Hernández Advíncula,"Departamento de Matemática-Física, Universidad 'José Martí' de Sancti Spíritus, Sancti Spíritus, Cuba"
MSc. Beatriz Pérez López,"Departamento de Matemática, Universidad de La Habana, La Habana, Cuba"
MSc. Beatriz Pérez López,"Departamento de Matemática-Física, Universidad 'José Martí' de Sancti Spíritus, Sancti Spíritus, Cuba"
Frankie Mujica Cal,"Departamento de Programación e Ingeniería de software, Universidad de la Habana, La Habana, Cuba"
Joanna Campbell Amos,"Departamento de Programación e Ingeniería de software, Universidad de la Habana, La Habana, Cuba"
Eduardo Quesada Orozco,"Departamento de Programación e Ingeniería de software, Universidad de la Habana, La Habana, Cuba"
Dra. Marta Lourdes Baguer Díaz-Romañach,"Facultad de Artes y Letras, Universidad de La Habana, La Habana, Cuba"
Dra. Marta Lourdes Baguer Díaz-Romañach,"Facultad de Matemática y Computación, Universidad de La Habana, La Habana, Cuba"
Iosvanny Jesús Alfonso Veloso,"Facultad de Artes y Letras, Universidad de La Habana, La Habana, Cuba"
Iosvanny Jesús Alfonso Veloso,"Facultad de Matemática y Computación, Universidad de La Habana, La Habana, Cuba"
Dra. Lydia Castro Odio,"Facultad de Artes y Letras, Universidad de La Habana, La Habana, Cuba"
Dra. Lydia Castro Odio,"Facultad de Matemática y Computación, Universidad de La Habana, La Habana, Cuba"
Miguel Angel Borges Trenard,"Departamento de Matemática, Facultad de Matemática y Computación, Universidad de Oriente"
Juana E. Bermúdez Sosa,"Departamento de Matemática, Facultad de Matemática y Computación, Universidad de Oriente"
Luis A. Salomón Hernández,"Instituto de Cibernética, Matemática y Física (ICIMAF)"
Luis A. Salomón Hernández,"Departamento de Matemática Aplicada, Universidad de la Habana, Facultad de Matemática y Computación"
Rolando J. Biscay Lirio,"Instituto de Cibernética, Matemática y Física (ICIMAF)"
Rolando J. Biscay Lirio,"Departamento de Matemática Aplicada, Universidad de la Habana, Facultad de Matemática y Computación"
Lilian Muñiz Álvarez,"Facultad de Matemática y Computación, Universidad de La Habana"
Lilian Muñiz Álvarez,"Instituto de Cibernética, Matemática y Física (ICIMAF)"
Rolando J. Biscay Lirio,"Facultad de Matemática y Computación, Universidad de La Habana"
Rolando J. Biscay Lirio,"Instituto de Cibernética, Matemática y Física (ICIMAF)"
Carlos Sánchez Fernández,Universidad de La Habana. Cuba
Jorge Erick López Velázquez,"Facultad de Matemática y Computación, Universidad de La Habana, Ciudad de La Habana, Cuba"
Reinaldo Rodr(cid:237)guez Ramos,"Facultad de Matemática y Computación, Universidad de La Habana, Ciudad de La Habana, Cuba"
Julián Bravo Castillero,"Facultad de Matemática y Computación, Universidad de La Habana, Ciudad de La Habana, Cuba"
Pedro Domínguez Wade,"Universidad Pedagógica de Villa Clara, Cuba"
Pedro Domínguez Wade,"Universidad de Matanzas, Cuba"
Jesús Barreto Molina,"Universidad Pedagógica de Villa Clara, Cuba"
Jesús Barreto Molina,"Universidad de Matanzas, Cuba"
Otilio B. Mederos Anoceto,"Universidad de Ciego de Ávila, Ciego de Ávila, Cuba"
Otilio B. Mederos Anoceto,"Departamento de Matemática, Universidad Central de Las Villas, Santa Clara, Villa Clara, Cuba"
Dr. Lorgio F. Batard Martínez,"Universidad de Ciego de Ávila, Ciego de Ávila, Cuba"
Dr. Lorgio F. Batard Martínez,"Departamento de Matemática, Universidad Central de Las Villas, Santa Clara, Villa Clara, Cuba"
Andro Gonzáles,"Universidad de Ciego de Ávila, Ciego de Ávila, Cuba"
Andro Gonzáles,"Departamento de Matemática, Universidad Central de Las Villas, Santa Clara, Villa Clara, Cuba"
Gladys Linares Fleites,"Facultad de Matemática y Computación, Universidad de La Habana"
María V. Mederos Brú,"Facultad de Matemática y Computación, Universidad de La Habana"
Dra. Elina Miret Barroso,"Facultad de Matemática y Computación, Universidad de La Habana"
Federico J. Sabina,"Instituto de Investigaciones en Matemáticas Aplicadas y Sistemas, Universidad Nacional Autónoma de México, México, D. F., México"
Federico J. Sabina,"Instituto Superior de Estudios Superiores de Monterrey, Campus, Estado de México, Escuela de Ingeniería y Computación, Estado de México, México"
Federico J. Sabina,"Facultad de Matemática y Computación, Universidad de La Habana, La Habana, Cuba"
Raúl Martínez Rosado,"Instituto de Investigaciones en Matemáticas Aplicadas y Sistemas, Universidad Nacional Autónoma de México, México, D. F., México"
Raúl Martínez Rosado,"Instituto Superior de Estudios Superiores de Monterrey, Campus, Estado de México, Escuela de Ingeniería y Computación, Estado de México, México"
Raúl Martínez Rosado,"Facultad de Matemática y Computación, Universidad de La Habana, La Habana, Cuba"
Esperanza García Santoyo,"Instituto de Investigaciones en Matemáticas Aplicadas y Sistemas, Universidad Nacional Autónoma de México, México, D. F., México"
Esperanza García Santoyo,"Instituto Superior de Estudios Superiores de Monterrey, Campus, Estado de México, Escuela de Ingeniería y Computación, Estado de México, México"
Esperanza García Santoyo,"Facultad de Matemática y Computación, Universidad de La Habana, La Habana, Cuba"
Julián Bravo Castillero,"Instituto de Investigaciones en Matemáticas Aplicadas y Sistemas, Universidad Nacional Autónoma de México, México, D. F., México"
Julián Bravo Castillero,"Instituto Superior de Estudios Superiores de Monterrey, Campus, Estado de México, Escuela de Ingeniería y Computación, Estado de México, México"
Julián Bravo Castillero,"Facultad de Matemática y Computación, Universidad de La Habana, La Habana, Cuba"
Reinaldo Rodr(cid:237)guez Ramos,"Instituto de Investigaciones en Matemáticas Aplicadas y Sistemas, Universidad Nacional Autónoma de México, México, D. F., México"
Reinaldo Rodr(cid:237)guez Ramos,"Instituto Superior de Estudios Superiores de Monterrey, Campus, Estado de México, Escuela de Ingeniería y Computación, Estado de México, México"
Reinaldo Rodr(cid:237)guez Ramos,"Facultad de Matemática y Computación, Universidad de La Habana, La Habana, Cuba"
Concepción Valdés Castro,Universidad de la Habana
Rita A. Roldán Inguanzo,"Departamento de Matemática, Facultad de Matemática y Computación, Universidad de La Habana, La Habana, Cuba"
Valentina Badía Albanés,"Departamento de Matemática, Facultad de Matemática y Computación, Universidad de La Habana, La Habana, Cuba"
Prof. Dr. Luis Ramiro Piñeiro Díaz,"Instituto de Criptografía, Facultad de Matemática y Computación, Universidad de La Habana, La Habana, Cuba"
Alberto Fernández Oliva,"Departamento de Computación, Facultad de Matemática y Computación, Universidad de La Habana, Cuba"
Suilán Estévez Velarde,"Departamento de Computación, Facultad de Matemática y Computación, Universidad de La Habana, Cuba"
Kevin Talavera Díaz,"Departamento de Computación, Facultad de Matemática y Computación, Universidad de La Habana, Cuba"
Alberto Fernández Oliva,"Departamento de Computación, Facultad de Matemática y Computación, Universidad de La Habana, Cuba"
Suilán Estévez Velarde,"Departamento de Computación, Facultad de Matemática y Computación, Universidad de La Habana, Cuba"
Kevin Talavera Díaz,"Departamento de Computación, Facultad de Matemática y Computación, Universidad de La Habana, Cuba"
Guillermo Enrique Ramírez Montes,"Departamentode Educación Matemática, Universidad de Costa Rica, San José, Costa Rica"
Guillermo Enrique Ramírez Montes,"Departamentode Educación Matemática, Universidad de Costa Rica, San José, Costa Rica"
Adriana Díaz Cordero,"DepartamentodeMatemática,FacultaddeMatemáticayComputación,UniversidaddeLaHabana,LaHabana,Cuba"
Valentina Badía Albanés,"DepartamentodeMatemática,FacultaddeMatemáticayComputación,UniversidaddeLaHabana,LaHabana,Cuba"
Alberto Fernández Oliva,"DepartamentodeComputación,FacultaddeMatemáticayComputación,UniversidaddeLaHabana,Cuba"
Suilán Estévez Velarde,"DepartamentodeComputación,FacultaddeMatemáticayComputación,UniversidaddeLaHabana,Cuba"
Alejandro Piad Morffis,"DepartamentodeComputación,FacultaddeMatemáticayComputación,UniversidaddeLaHabana,Cuba"
Lia de la Concepción Zerquera Ferrer,"DepartamentodeComputación,FacultaddeMatemáticayComputación,UniversidaddeLaHabana,Cuba"
Alberto Fernández Oliva,"DepartamentodeComputación,FacultaddeMatemáticayComputación,UniversidaddeLaHabana,Cuba"
Suilán Estévez Velarde,"DepartamentodeComputación,FacultaddeMatemáticayComputación,UniversidaddeLaHabana,Cuba"
Alejandro Piad Morffis,"DepartamentodeComputación,FacultaddeMatemáticayComputación,UniversidaddeLaHabana,Cuba"
Lia de la Concepción Zerquera Ferrer,"DepartamentodeComputación,FacultaddeMatemáticayComputación,UniversidaddeLaHabana,Cuba"
Sandy Sánchez Domínguez,"UnidaddeInvestigacionesBiomédicas,UniversidaddeCienciasMédicasdeVillaClara,VillaClara,Cuba"
Sandy Sánchez Domínguez,"DepartamentodeMatemática,UniversidaddeOriente,SantiagodeCuba,Cuba"
Sandy Sánchez Domínguez,"DepartamentodeMatemática,EscuelaIterarmasGeneralJoséMaceoGrajales,SantiagodeCuba,Cuba"
Sandy Sánchez Domínguez,"DepartamentodeMatemática,UniversidadCentralMartaAbreudelasVillas,VillaClara,Cuba"
Adolfo Arsenio Fernández García,"UnidaddeInvestigacionesBiomédicas,UniversidaddeCienciasMédicasdeVillaClara,VillaClara,Cuba"
Adolfo Arsenio Fernández García,"DepartamentodeMatemática,UniversidaddeOriente,SantiagodeCuba,Cuba"
Adolfo Arsenio Fernández García,"DepartamentodeMatemática,EscuelaIterarmasGeneralJoséMaceoGrajales,SantiagodeCuba,Cuba"
Adolfo Arsenio Fernández García,"DepartamentodeMatemática,UniversidadCentralMartaAbreudelasVillas,VillaClara,Cuba"
Jorly Alberto Pérez Pérez,"UnidaddeInvestigacionesBiomédicas,UniversidaddeCienciasMédicasdeVillaClara,VillaClara,Cuba"
Jorly Alberto Pérez Pérez,"DepartamentodeMatemática,UniversidaddeOriente,SantiagodeCuba,Cuba"
Jorly Alberto Pérez Pérez,"DepartamentodeMatemática,EscuelaIterarmasGeneralJoséMaceoGrajales,SantiagodeCuba,Cuba"
Jorly Alberto Pérez Pérez,"DepartamentodeMatemática,UniversidadCentralMartaAbreudelasVillas,VillaClara,Cuba"
Tahiry Gómez Hernández,"UnidaddeInvestigacionesBiomédicas,UniversidaddeCienciasMédicasdeVillaClara,VillaClara,Cuba"
Tahiry Gómez Hernández,"DepartamentodeMatemática,UniversidaddeOriente,SantiagodeCuba,Cuba"
Tahiry Gómez Hernández,"DepartamentodeMatemática,EscuelaIterarmasGeneralJoséMaceoGrajales,SantiagodeCuba,Cuba"
Tahiry Gómez Hernández,"DepartamentodeMatemática,UniversidadCentralMartaAbreudelasVillas,VillaClara,Cuba"
Leticia Cristina Bequer Mendoza,"UnidaddeInvestigacionesBiomédicas,UniversidaddeCienciasMédicasdeVillaClara,VillaClara,Cuba"
Leticia Cristina Bequer Mendoza,"DepartamentodeMatemática,UniversidaddeOriente,SantiagodeCuba,Cuba"
Leticia Cristina Bequer Mendoza,"DepartamentodeMatemática,EscuelaIterarmasGeneralJoséMaceoGrajales,SantiagodeCuba,Cuba"
Leticia Cristina Bequer Mendoza,"DepartamentodeMatemática,UniversidadCentralMartaAbreudelasVillas,VillaClara,Cuba"
"García Rojas, Pedro","Centro de Salud Mental, Ministerio de Salud Pública, La Habana, Cuba"
"García Rojas, Pedro","URACCAN, Managua"
"Flores López, W. O.","Centro de Salud Mental, Ministerio de Salud Pública, La Habana, Cuba"
"Flores López, W. O.","URACCAN, Managua"
Aymée de los Ángeles Marrero Severo,"Departamento de Matemática Aplicada, Facultad de Matemática y Computación, Universidad de La Habana, Cuba"
Ernesto Alfonso Hernández,"Departamento de Matemática Aplicada, Facultad de Matemática y Computación, Universidad de La Habana, Cuba"
Juan Carlos Jiménez Sobrino,"Departamento de Matemática Interdisciplinaria, Instituto de Cibernética, Matemática y Física, La Habana, Cuba"
Frank Sadan Naranjo-Noda,"Departamento de Matemática Interdisciplinaria, Instituto de Cibernética, Matemática y Física, La Habana, Cuba"
Ana Margarita Solares Asteasuainzarra,"Facultad de Matemática y Computación, Universidad de La Habana, La Habana, Cuba"
Ana Margarita Solares Asteasuainzarra,"Hospital Ginecobstétrico Universitario 'Ramón González Coro', La Habana, Cuba"
Ludwig Leonard Méndez,"Facultad de Matemática y Computación, Universidad de La Habana, La Habana, Cuba"
Ludwig Leonard Méndez,"Hospital Ginecobstétrico Universitario 'Ramón González Coro', La Habana, Cuba"
Daniel Alejandro Valdés Pérez,"Facultad de Matemática y Computación, Universidad de La Habana, La Habana, Cuba"
Daniel Alejandro Valdés Pérez,"Hospital Ginecobstétrico Universitario 'Ramón González Coro', La Habana, Cuba"
Dra. Marta Lourdes Baguer Díaz-Romañach,"Facultad de Matemática y Computación, Universidad de La Habana, La Habana, Cuba"
Dra. Marta Lourdes Baguer Díaz-Romañach,"Hospital Ginecobstétrico Universitario 'Ramón González Coro', La Habana, Cuba"
Lauren Jimenez-Martin,"Facultad de Matemática y Computación, Universidad de La Habana, La Habana, Cuba"
Lauren Jimenez-Martin,"Hospital Ginecobstétrico Universitario 'Ramón González Coro', La Habana, Cuba"
Diego Esteban Gutierrez Valencia,"Facultad de Matemáticas, Universidad Autónoma de Guerrero, Chilpancingo, Guerrero, México"
Ricardo Abreu Blaya,"Facultad de Matemáticas, Universidad Autónoma de Guerrero, Chilpancingo, Guerrero, México"
Daniel Alfonso Santiesteban,"Facultad de Matemáticas, Universidad Autónoma de Guerrero, Chilpancingo, Guerrero, México"
Damian Valdés Santiago,"DirectoryEditor-JefedelarevistaCienciasMatemáticas.DepartamentoMatemáticaAplicada,FacultaddeMatemáticayComputación,UniversidaddeLaHabana,LaHabana,Cuba"
Lic. Mar´ıa Esther Reyes Calzado,"Departamento de Matemática, Facultad de Matemática y Computación, Universidad de La Habana, La Habana, Cuba"
"García Rojas, Pedro","Centro de Salud Mental, Ministerio de Salud Pública, La Habana, Cuba."
Alicia Robbio Marrero,"Departamento de Matemática, Facultad de Matemática y Computación, Universidad de La Habana, La Habana, Cuba"
Roxana Cabrera Puig,"Departamento de Matemática, Facultad de Matemática y Computación, Universidad de La Habana, La Habana, Cuba"
Comité Editorial,"Facultad de Matemática y Computación, Universidad de La Habana, La Habana, Cuba"
Reinaldo Rodr(cid:237)guez Ramos,"Departamento de Matemática, Facultad de Matemática y Computación, Universidad de La Habana, La Habana, Cuba"
Reinaldo Rodr(cid:237)guez Ramos,"Departamento de Matemática, Facultad de Matemática y Computación, Universidad de La Habana, La Habana, Cuba"
Marta María Álvarez Pérez,"Fue Metodóloga Nacional de Matemática, Ministerio de Educación, Cuba"
José Jorge Rodríguez Salgado,Scalian Consulting Spain SL. España.
José Jorge Rodríguez Salgado,"Departamento Matemática Aplicada, Facultad de Matemáticay Computación, Universidad de La Habana, La Habana, Cuba."
Fernando Raul Rodriguez Flores,Scalian Consulting Spain SL. España.
Fernando Raul Rodriguez Flores,"Departamento Matemática Aplicada, Facultad de Matemáticay Computación, Universidad de La Habana, La Habana, Cuba."
Lázaro Ramón Caraballo Rodríguez,"Departamento de Automática, Facultad de Ingeniería Eléctrica, Universidad Central 'Marta Abreu' de las Villas, Villa Clara, Cuba"
Rubén Orozco Morales,"Departamento de Automática, Facultad de Ingeniería Eléctrica, Universidad Central 'Marta Abreu' de las Villas, Villa Clara, Cuba"
Marlen Pérez Díaz,"Departamento de Automática, Facultad de Ingeniería Eléctrica, Universidad Central 'Marta Abreu' de las Villas, Villa Clara, Cuba"
Abelardo López Domínguez,"Centro de Estudios para el Perfeccionamiento de la Educación Superior, Universidad de La Habana, La Habana, Cuba"
Abelardo López Domínguez,"Departamento de Matemática, Instituto Técnico Militar “José Martí”, La Habana, Cuba"
Abelardo López Domínguez,"Departamento de Electrónica, Instituto Técnico Militar “José Martí”, La Habana, Cuba"
Alisbet Martínez Bello,"Centro de Estudios para el Perfeccionamiento de la Educación Superior, Universidad de La Habana, La Habana, Cuba"
Alisbet Martínez Bello,"Departamento de Matemática, Instituto Técnico Militar “José Martí”, La Habana, Cuba"
Alisbet Martínez Bello,"Departamento de Electrónica, Instituto Técnico Militar “José Martí”, La Habana, Cuba"
Tania Diez Fumero,"Centro de Estudios para el Perfeccionamiento de la Educación Superior, Universidad de La Habana, La Habana, Cuba"
Tania Diez Fumero,"Departamento de Matemática, Instituto Técnico Militar “José Martí”, La Habana, Cuba"
Tania Diez Fumero,"Departamento de Electrónica, Instituto Técnico Militar “José Martí”, La Habana, Cuba"
Luis Enrique Fernández Machado,"Departamento de Matemática, Facultad de Matemática y Computación, Universidad de La Habana, La Habana, Cuba"
Rolando Sánchez Ramos,"DepartamentodeComputación,FacultaddeMatemáticayComputación,UniversidaddeLaHabana,Cuba"
Lizet Sánchez Valdés,"Dirección de investigaciones clínicas, Centro de Inmunología Molecular, La Habana, Cuba"
Jorge Luis Palomino Hernández,"Dirección de investigaciones clínicas, Centro de Inmunología Molecular, La Habana, Cuba"
Patricia Lorenzo-Luaces Álvarez,"Dirección de investigaciones clínicas, Centro de Inmunología Molecular, La Habana, Cuba"
Dagoberto Acosta Iglesias,"Departamento de Matemática y Física, Universidad Tecnológica del Chocó Diego Luis Córdoba, Chocó, Colombia"
Dagoberto Acosta Iglesias,"Grupo de Modelización Interdisciplinar, InterTech, Instituto Universitario de Matemática Pura y Aplicada, Universitat Politècnica de València, España"
Dagoberto Acosta Iglesias,"Facultad de Ciencias de la Tierra, Universidad Estatal Amazónica, Puyo, Ecuador"
Milton Henry Perea,"Departamento de Matemática y Física, Universidad Tecnológica del Chocó Diego Luis Córdoba, Chocó, Colombia"
Milton Henry Perea,"Grupo de Modelización Interdisciplinar, InterTech, Instituto Universitario de Matemática Pura y Aplicada, Universitat Politècnica de València, España"
Milton Henry Perea,"Facultad de Ciencias de la Tierra, Universidad Estatal Amazónica, Puyo, Ecuador"
Miguel Enrique Iglesias Martínez,"Departamento de Matemática y Física, Universidad Tecnológica del Chocó Diego Luis Córdoba, Chocó, Colombia"
Miguel Enrique Iglesias Martínez,"Grupo de Modelización Interdisciplinar, InterTech, Instituto Universitario de Matemática Pura y Aplicada, Universitat Politècnica de València, España"
Miguel Enrique Iglesias Martínez,"Facultad de Ciencias de la Tierra, Universidad Estatal Amazónica, Puyo, Ecuador"
Cliffor Jerry Herrera-Castrillo,"Centro Universitario Regional de Estelí. Universidad Nacional Autónoma de Nicaragua, Managua, Nicaragua"
Isaura Lisbeth Hudiel Fuentes,"Centro Universitario Regional de Estelí. Universidad Nacional Autónoma de Nicaragua, Managua, Nicaragua"
Jolbin José Mairena Aráuz,"Centro Universitario Regional de Estelí. Universidad Nacional Autónoma de Nicaragua, Managua, Nicaragua"
Abelardo López Domínguez,"Centro de Estudios para el Perfeccionamiento de la Educación Superior, Universidad de La Habana, La Habana, Cuba"
Abelardo López Domínguez,"Departamento de Matemática, Instituto Técnico Militar 'José Martí', La Habana, Cuba"
Lissette María Pedroso Carracedo,"Centro de Estudios para el Perfeccionamiento de la Educación Superior, Universidad de La Habana, La Habana, Cuba"
Lissette María Pedroso Carracedo,"Departamento de Matemática, Instituto Técnico Militar 'José Martí', La Habana, Cuba"
Tania Diez Fumero,"Centro de Estudios para el Perfeccionamiento de la Educación Superior, Universidad de La Habana, La Habana, Cuba"
Tania Diez Fumero,"Departamento de Matemática, Instituto Técnico Militar 'José Martí', La Habana, Cuba"
Carlos Jiménez Tejeda,"Centro de Estudios de Matemática, Instituto de Ciencias Básicas, Universidad Tecnológica de La Habana 'José Antonio Echeverría', La Habana, Cuba"
Carlos Jiménez Tejeda,"Departamento de Matemática, Facultad de Matemática y Computación, Universidad de La Habana, La Habana, Cuba"
Nelson Tomás Hernández Reyes,"Centro de Estudios de Matemática, Instituto de Ciencias Básicas, Universidad Tecnológica de La Habana 'José Antonio Echeverría', La Habana, Cuba"
Nelson Tomás Hernández Reyes,"Departamento de Matemática, Facultad de Matemática y Computación, Universidad de La Habana, La Habana, Cuba"
Ernesto Alejandro López Caldalso,"Centro de Estudios de Matemática, Instituto de Ciencias Básicas, Universidad Tecnológica de La Habana 'José Antonio Echeverría', La Habana, Cuba"
Ernesto Alejandro López Caldalso,"Departamento de Matemática, Facultad de Matemática y Computación, Universidad de La Habana, La Habana, Cuba"
Juan Raúl Delgado Rubi,"Centro de Estudios de Matemática, Instituto de Ciencias Básicas, Universidad Tecnológica de La Habana 'José Antonio Echeverría', La Habana, Cuba"
Juan Raúl Delgado Rubi,"Departamento de Matemática, Facultad de Matemática y Computación, Universidad de La Habana, La Habana, Cuba"
Carlos Jiménez Tejeda,"Centro de Estudios de Matemática, Instituto de Ciencias Básicas, Universidad Tecnológica de La Habana 'José Antonio Echeverría', La Habana, Cuba"
Carlos Jiménez Tejeda,"Departamento de Matemática, Facultad de Matemática y Computación, Universidad de La Habana, La Habana, Cuba"
Nelson Tomás Hernández Reyes,"Centro de Estudios de Matemática, Instituto de Ciencias Básicas, Universidad Tecnológica de La Habana 'José Antonio Echeverría', La Habana, Cuba"
Nelson Tomás Hernández Reyes,"Departamento de Matemática, Facultad de Matemática y Computación, Universidad de La Habana, La Habana, Cuba"
Ernesto Alejandro López Caldalso,"Centro de Estudios de Matemática, Instituto de Ciencias Básicas, Universidad Tecnológica de La Habana 'José Antonio Echeverría', La Habana, Cuba"
Ernesto Alejandro López Caldalso,"Departamento de Matemática, Facultad de Matemática y Computación, Universidad de La Habana, La Habana, Cuba"
Juan Raúl Delgado Rubi,"Centro de Estudios de Matemática, Instituto de Ciencias Básicas, Universidad Tecnológica de La Habana 'José Antonio Echeverría', La Habana, Cuba"
Juan Raúl Delgado Rubi,"Departamento de Matemática, Facultad de Matemática y Computación, Universidad de La Habana, La Habana, Cuba"
Miguel Salvat Quesada,"Departamento deIngeniería Informática, Universidad JoséMartí Pérez deSancti – Spíritus,Cuba"
Miguel Salvat Quesada,"Departamento de EducaciónaDistancia, Universidad deCienfuegos Carlos Rafael Rodríguez,Cuba"
Ernesto Roberto Fuentes Garí,"Departamento deIngeniería Informática, Universidad JoséMartí Pérez deSancti – Spíritus,Cuba"
Ernesto Roberto Fuentes Garí,"Departamento de EducaciónaDistancia, Universidad deCienfuegos Carlos Rafael Rodríguez,Cuba"
JorgeFardales Pérez,"Departamento deIngeniería Informática, Universidad JoséMartí Pérez deSancti – Spíritus,Cuba"
JorgeFardales Pérez,"Departamento de EducaciónaDistancia, Universidad deCienfuegos Carlos Rafael Rodríguez,Cuba"
RafaelBelloPérez,"Universidad Central 'Marta Abreu' de Las Villas, Cuba"
JuliettM.SuárezFerreira,"Universidad Central 'Marta Abreu' de Las Villas, Cuba"
YailénMartínezJiménez,"Universidad Central 'Marta Abreu' de Las Villas, Cuba"
VíctorM.GarcíaMartínez,"Universidad Central 'Marta Abreu' de Las Villas, Cuba"
Sissi Pérez Del Pino (Adiestrado),Universidad de Matanzas ¨Camilo Cienfuegos¨ (UMCC)
Lourdes Tarifa Lozano (Profesor Titular),Universidad de Matanzas ¨Camilo Cienfuegos¨ (UMCC)
Martha Beatriz Boggiano Castillo,Universidad Marta Abreu de Las Villas
Ramiro Pèrez Vazquez,Universidad Marta Abreu de Las Villas
Alain Pérez Alonso,Universidad Marta Abreu de Las Villas
Ariel Calderón Valdés,Universidad Marta Abreu de Las Villas
N. Díaz,"Facultad de Matemática, Físicay Computación,Universidad Central 'Marta Abreu' delas Villas. Cuba."
N. Díaz,"Facultad deMatemáticay Computación,Universidad de La Habana, Cuba."
P.Freyre,"Facultad de Matemática, Físicay Computación,Universidad Central 'Marta Abreu' delas Villas. Cuba."
P.Freyre,"Facultad deMatemáticay Computación,Universidad de La Habana, Cuba."
E. R.Morgado,"Facultad de Matemática, Físicay Computación,Universidad Central 'Marta Abreu' delas Villas. Cuba."
E. R.Morgado,"Facultad deMatemáticay Computación,Universidad de La Habana, Cuba."
Michel Artiles Egüe,Universidad Central 'Marta Abreu' de Las Villas
Michel Artiles Egüe,Departamento de Ciencia de la Computación
Michel Artiles Egüe,Cuba
Damny Magdaleno Guevara,Universidad Central 'Marta Abreu' de Las Villas
Damny Magdaleno Guevara,Departamento de Ciencia de la Computación
Damny Magdaleno Guevara,Cuba
Leticia Arco García,Universidad Central 'Marta Abreu' de Las Villas
Leticia Arco García,Departamento de Ciencia de la Computación
Leticia Arco García,Cuba
Gheisa Lucía Ferreira Lorenzo,Universidad Central 'Marta Abreu' de Las Villas
Jarvin Antón Vargas,Universidad Central 'Marta Abreu' de Las Villas
Luis Quintero Domínguez,Universidad Central 'Marta Abreu' de Las Villas
Yaimara Granados Hondares,Universidad Central 'Marta Abreu' de Las Villas
Benny JonRobaina,Universidad de La Habana
Benny JonRobaina,Facultad de Matemática y Computación
Daniel Alejandro Mesejo León,Universidad de La Habana
Daniel Alejandro Mesejo León,Facultad de Matemática y Computación
Omar Salas García,Universidad de La Habana
Omar Salas García,Facultad de Matemática y Computación
Javier GuillotJiménez,Universidad de La Habana
Javier GuillotJiménez,Facultad de Matemática y Computación
Haydée Guillot Jiménez,Universidad de La Habana
Haydée Guillot Jiménez,Facultad de Matemática y Computación
Víctor Manuel Mendiola Lau,Universidad de La Habana
Víctor Manuel Mendiola Lau,Facultad de Matemática y Computación
Manuel Vázquez Acosta,"Laboratorio de Gestión de Proyectos, Dirección Técnica de Producción, Universidad de las Ciencias Informáticas, Carretera San Antonio Km 2½. Ciudad de la Habana, Cuba, CP:19370, Tel (53)(07) 8372408"
Pedro Y. Piñero Pérez,"Laboratorio de Gestión de Proyectos, Dirección Técnica de Producción, Universidad de las Ciencias Informáticas, Carretera San Antonio Km 2½. Ciudad de la Habana, Cuba, CP:19370, Tel (53)(07) 8372408"
Felix N. Abelardo,"Laboratorio de Gestión de Proyectos, Dirección Técnica de Producción, Universidad de las Ciencias Informáticas, Carretera San Antonio Km 2½. Ciudad de la Habana, Cuba, CP:19370, Tel (53)(07) 8372408"
Surayne Torres López,"Laboratorio de Gestión de Proyectos, Dirección Técnica de Producción, Universidad de las Ciencias Informáticas, Carretera San Antonio Km 2½. Ciudad de la Habana, Cuba, CP:19370, Tel (53)(07) 8372408"
Ana D. Pérez,"Laboratorio de Gestión de Proyectos, Dirección Técnica de Producción, Universidad de las Ciencias Informáticas, Carretera San Antonio Km 2½. Ciudad de la Habana, Cuba, CP:19370, Tel (53)(07) 8372408"
Javier Menéndez,"Laboratorio de Gestión de Proyectos, Dirección Técnica de Producción, Universidad de las Ciencias Informáticas, Carretera San Antonio Km 2½. Ciudad de la Habana, Cuba, CP:19370, Tel (53)(07) 8372408"
Marielis Izquierdo Matias,"Laboratorio de Gestión de Proyectos, Dirección Técnica de Producción, Universidad de las Ciencias Informáticas, Carretera San Antonio Km 2½. Ciudad de la Habana, Cuba, CP:19370, Tel (53)(07) 8372408"
Jose A. Lugo García,"Laboratorio de Gestión de Proyectos, Dirección Técnica de Producción, Universidad de las Ciencias Informáticas, Carretera San Antonio Km 2½. Ciudad de la Habana, Cuba, CP:19370, Tel (53)(07) 8372408"
Ernesto A. Mederos Franqueiro,"Laboratorio de Gestión de Proyectos, Dirección Técnica de Producción, Universidad de las Ciencias Informáticas, Carretera San Antonio Km 2½. Ciudad de la Habana, Cuba, CP:19370, Tel (53)(07) 8372408"
Michaell González Jorrín,"Laboratorio de Gestión de Proyectos, Dirección Técnica de Producción, Universidad de las Ciencias Informáticas, Carretera San Antonio Km 2½. Ciudad de la Habana, Cuba, CP:19370, Tel (53)(07) 8372408"
Henrik Pestano Pino,"Laboratorio de Gestión de Proyectos, Dirección Técnica de Producción, Universidad de las Ciencias Informáticas, Carretera San Antonio Km 2½. Ciudad de la Habana, Cuba, CP:19370, Tel (53)(07) 8372408"
Rafael Chaviano Conde,"Universidad Central 'Marta Abreu' de Las Villas, Santa Clara, Cuba"
Elsa C. Ramírez García,"Universidad Central 'Marta Abreu' de Las Villas, Santa Clara, Cuba"
Angel Isaac Moreno Delfrade,"Universidad Central 'Marta Abreu' de Las Villas, Santa Clara, Cuba"
Miguel Escalona Reyes,Universidad de Holguín
Osvaldo Jesús Rojas Velázquez,Universidad de Holguín
Eduardo Álvarez Rojas,Universidades de Ciencias Pedagógicas
Elsa Gutiérrez Báez,Universidades de Ciencias Pedagógicas
Isabel Santiesteban Pérez,Universidades de Ciencias Pedagógicas
Maricela Rodríguez Ortiz,Universidades de Ciencias Pedagógicas
Isel Grau,"Centro de Estudios de Informática, Universidad Central Marta Abreu de Las Villas, Cuba"
Isis Bonet,"Centro de Estudios de Informática, Universidad Central Marta Abreu de Las Villas, Cuba"
Isel Grau,"Centro de Estudios de Informática, Universidad Central Marta Abreu de Las Villas, Cuba"
Isis Bonet,"Centro de Estudios de Informática, Universidad Central Marta Abreu de Las Villas, Cuba"
Lizet Sánchez Valdés,IPK.SLD.CU
Lizet Sánchez Valdés,"Universidad de Sancti Spíritus, Cuba"
Lizet Sánchez Valdés,UHasselt.BE
Lizet Sánchez Valdés,SUSS.CO.CU
Ziv Shkedy,IPK.SLD.CU
Ziv Shkedy,"Universidad de Sancti Spíritus, Cuba"
Ziv Shkedy,UHasselt.BE
Ziv Shkedy,SUSS.CO.CU
Carlos Rafael Sebrango Rodríguez,IPK.SLD.CU
Carlos Rafael Sebrango Rodríguez,"Universidad de Sancti Spíritus, Cuba"
Carlos Rafael Sebrango Rodríguez,UHasselt.BE
Carlos Rafael Sebrango Rodríguez,SUSS.CO.CU
Néstor Carbonell Rivero,IPK.SLD.CU
Néstor Carbonell Rivero,"Universidad de Sancti Spíritus, Cuba"
Néstor Carbonell Rivero,UHasselt.BE
Néstor Carbonell Rivero,SUSS.CO.CU
Gonzalo González Hernández,"UCP. Félix Varela, Cuba."
Carlos Duardo Monteagudo,"UCP. Félix Varela, Cuba."
Nancy Mesa Carpio,"UCP. Félix Varela, Cuba."
Mayelín Macías Norat,"Dpto. de Ing. Informática, Facultad de Ingeniería Eléctrica, Universidad de Oriente, Cuba"
Mayelín Macías Norat,"Dpto. de Ing. Biomédica, Facultad de Ingeniería Eléctrica, Universidad de Oriente, Santiago de Cuba, Cuba"
Romina Robert Pérez,"Dpto. de Ing. Informática, Facultad de Ingeniería Eléctrica, Universidad de Oriente, Cuba"
Romina Robert Pérez,"Dpto. de Ing. Biomédica, Facultad de Ingeniería Eléctrica, Universidad de Oriente, Santiago de Cuba, Cuba"
Adolfo Arsenio Fernández García,"Universidad del estado de Amazonas, Brasil"
Adolfo Arsenio Fernández García,"Departamento de Matemática, Universidad de Oriente"
Sandy Sánchez Domínguez,"Universidad del estado de Amazonas, Brasil"
Sandy Sánchez Domínguez,"Departamento de Matemática, Universidad de Oriente"
Antonio Iván Ruiz Chaveco,"Universidad del estado de Amazonas, Brasil"
Antonio Iván Ruiz Chaveco,"Departamento de Matemática, Universidad de Oriente"
David Guinovart Sanjuán,"Carretera San Antonio de los Baæos, km 5‰, Reparto Lourdes, Boyeros, La Habana, Cuba"
David Guinovart Sanjuán,Universidad de las Ciencias InformÆticas
AlejandroAlonso Fœster,"Carretera San Antonio de los Baæos, km 5‰, Reparto Lourdes, Boyeros, La Habana, Cuba"
AlejandroAlonso Fœster,Universidad de las Ciencias InformÆticas
RaœlGuinovart D(cid:237)az,"Carretera San Antonio de los Baæos, km 5‰, Reparto Lourdes, Boyeros, La Habana, Cuba"
RaœlGuinovart D(cid:237)az,Universidad de las Ciencias InformÆticas
Julián Bravo Castillero,"Carretera San Antonio de los Baæos, km 5‰, Reparto Lourdes, Boyeros, La Habana, Cuba"
Julián Bravo Castillero,Universidad de las Ciencias InformÆticas
Reinaldo Rodr(cid:237)guez Ramos,"Carretera San Antonio de los Baæos, km 5‰, Reparto Lourdes, Boyeros, La Habana, Cuba"
Reinaldo Rodr(cid:237)guez Ramos,Universidad de las Ciencias InformÆticas
Flor María Guerrero Casas,"Departamento de Economía Aplicada (Matemáticas), Universidad de Málaga, España"
Flor María Guerrero Casas,"Área de Métodos Cuantitativos e Historia Económica, Universidad Pablo de Olavide, España"
Flor María Guerrero Casas,"Departamento de Matemáticas, Universidad de Pinar del Río"
Rafael E. Caballero Fernández,"Departamento de Economía Aplicada (Matemáticas), Universidad de Málaga, España"
Rafael E. Caballero Fernández,"Área de Métodos Cuantitativos e Historia Económica, Universidad Pablo de Olavide, España"
Rafael E. Caballero Fernández,"Departamento de Matemáticas, Universidad de Pinar del Río"
Víctor E. Pérez León,"Departamento de Economía Aplicada (Matemáticas), Universidad de Málaga, España"
Víctor E. Pérez León,"Área de Métodos Cuantitativos e Historia Económica, Universidad Pablo de Olavide, España"
Víctor E. Pérez León,"Departamento de Matemáticas, Universidad de Pinar del Río"
Fátima Pérez García,"Departamento de Economía Aplicada (Matemáticas), Universidad de Málaga, España"
Fátima Pérez García,"Área de Métodos Cuantitativos e Historia Económica, Universidad Pablo de Olavide, España"
Fátima Pérez García,"Departamento de Matemáticas, Universidad de Pinar del Río"
Vladimir Pacheco Gonzalez,Universidad de Cienfuegos
Marcela Rivera,Departamento de Investigaciones en Ciencias Agrícolas
Marcela Rivera,Benemérita Universidad Autónoma de Puebla
Marcela Rivera,Facultad de Ciencias Físico-Matemáticas
Marcela Rivera,Facultad de Ciencias de la Computación
Gladys Linares Fleites,Departamento de Investigaciones en Ciencias Agrícolas
Gladys Linares Fleites,Benemérita Universidad Autónoma de Puebla
Gladys Linares Fleites,Facultad de Ciencias Físico-Matemáticas
Gladys Linares Fleites,Facultad de Ciencias de la Computación
Hortensia J. Reyes Cervantes,Departamento de Investigaciones en Ciencias Agrícolas
Hortensia J. Reyes Cervantes,Benemérita Universidad Autónoma de Puebla
Hortensia J. Reyes Cervantes,Facultad de Ciencias Físico-Matemáticas
Hortensia J. Reyes Cervantes,Facultad de Ciencias de la Computación
Adrián Saldaña,Departamento de Investigaciones en Ciencias Agrícolas
Adrián Saldaña,Benemérita Universidad Autónoma de Puebla
Adrián Saldaña,Facultad de Ciencias Físico-Matemáticas
Adrián Saldaña,Facultad de Ciencias de la Computación
Virginia Álvarez Suárez,Universidad de La Habana
Virginia Álvarez Suárez,Facultad de Matemática y Computación
Idania Urrutia Roman´ı,Universidad de La Habana
Idania Urrutia Roman´ı,Facultad de Matemática y Computación
Otilio B. Mederos Anoceto,"Universidad Aut(cid:243)noma de Coahuila, MØxico"
Otilio B. Mederos Anoceto,"Universidad de La Habana, Cuba"
Rita A. Roldán Inguanzo,"Universidad Aut(cid:243)noma de Coahuila, MØxico"
Rita A. Roldán Inguanzo,"Universidad de La Habana, Cuba"
Lis Velázquez Vidal,"División de Turismo DATYS, Cuba"
Lis Velázquez Vidal,"División de Sistemas de Gestión Empresarial DATYS, Cuba"
Lis Velázquez Vidal,"Facultad de Matemática y Computación, Universidad de La Habana, Cuba"
Lucina García Hernández,"División de Turismo DATYS, Cuba"
Lucina García Hernández,"División de Sistemas de Gestión Empresarial DATYS, Cuba"
Lucina García Hernández,"Facultad de Matemática y Computación, Universidad de La Habana, Cuba"
Mijail Veliz Monteagudo,"División de Turismo DATYS, Cuba"
Mijail Veliz Monteagudo,"División de Sistemas de Gestión Empresarial DATYS, Cuba"
Mijail Veliz Monteagudo,"Facultad de Matemática y Computación, Universidad de La Habana, Cuba"
Isabel Alonso Berenguer,"Departamento de Matemáticas. Escuela de Tecnología y Ciencias Experimentales. Universidad Jaume I, España"
Isabel Alonso Berenguer,"Departamento de Matemática. Facultad de Matemática y Computación. Universidad de Oriente, Cuba"
Mailyn Álvarez Caneda,"Departamento de Matemáticas. Escuela de Tecnología y Ciencias Experimentales. Universidad Jaume I, España"
Mailyn Álvarez Caneda,"Departamento de Matemática. Facultad de Matemática y Computación. Universidad de Oriente, Cuba"
Pilar Oròs Baguena,"Departamento de Matemáticas. Escuela de Tecnología y Ciencias Experimentales. Universidad Jaume I, España"
Pilar Oròs Baguena,"Departamento de Matemática. Facultad de Matemática y Computación. Universidad de Oriente, Cuba"
Alexander Gorina Sánchez,"Departamento de Matemáticas. Escuela de Tecnología y Ciencias Experimentales. Universidad Jaume I, España"
Alexander Gorina Sánchez,"Departamento de Matemática. Facultad de Matemática y Computación. Universidad de Oriente, Cuba"
Larisa Zamora Matamoros,"Departamento de Matemáticas. Escuela de Tecnología y Ciencias Experimentales. Universidad Jaume I, España"
Larisa Zamora Matamoros,"Departamento de Matemática. Facultad de Matemática y Computación. Universidad de Oriente, Cuba"
Dr. Luis R. Piñeiro Díaz,"Universidad de las Ciencias Informáticas, Cuba"
Dr. Luis R. Piñeiro Díaz,"Universidad de La Habana, Cuba"
MSc. Walter Carballosa Torres,"Universidad de las Ciencias Informáticas, Cuba"
MSc. Walter Carballosa Torres,"Universidad de La Habana, Cuba"
Jorge Luis Rodríguez Pérez,"Universidad de Ciencias Informáticas, Cuba"
Jorge Luis Rodríguez Pérez,"Universidad de La Habana, Dirección Docente de Informatización"
Jorge Luis Rodríguez Pérez,"Universidad de Málaga, Dpto. Tecnología Electrónica, E.T.S. Ing. Telecomunicación"
Jorge Luis Rodríguez Pérez,"Universidad de La Habana, Facultad de Matemática y Computación"
Aymée de los Ángeles Marrero Severo,"Universidad de Ciencias Informáticas, Cuba"
Aymée de los Ángeles Marrero Severo,"Universidad de La Habana, Dirección Docente de Informatización"
Aymée de los Ángeles Marrero Severo,"Universidad de Málaga, Dpto. Tecnología Electrónica, E.T.S. Ing. Telecomunicación"
Aymée de los Ángeles Marrero Severo,"Universidad de La Habana, Facultad de Matemática y Computación"
Gonzalo Joya Caparrós,"Universidad de Ciencias Informáticas, Cuba"
Gonzalo Joya Caparrós,"Universidad de La Habana, Dirección Docente de Informatización"
Gonzalo Joya Caparrós,"Universidad de Málaga, Dpto. Tecnología Electrónica, E.T.S. Ing. Telecomunicación"
Gonzalo Joya Caparrós,"Universidad de La Habana, Facultad de Matemática y Computación"
Greter Domínguez Rodríguez,"Universidad de Ciencias Informáticas, Cuba"
Greter Domínguez Rodríguez,"Universidad de La Habana, Dirección Docente de Informatización"
Greter Domínguez Rodríguez,"Universidad de Málaga, Dpto. Tecnología Electrónica, E.T.S. Ing. Telecomunicación"
Greter Domínguez Rodríguez,"Universidad de La Habana, Facultad de Matemática y Computación"
Rubén Interian Kovaliova,"DepartamentodeMatemática,UniversidaddeHabana,Habana,Cuba"
Ridelio Miranda Pérez,"Universidad de Cienfuegos, Cuba"
Ridelio Miranda Pérez,"Universidad de La Habana, Cuba"
Boris Pérez Canedo,"Universidad de Cienfuegos, Cuba"
Boris Pérez Canedo,"Universidad de La Habana, Cuba"
Gemayqzel Bouza Allende,"Universidad de Cienfuegos, Cuba"
Gemayqzel Bouza Allende,"Universidad de La Habana, Cuba"
Sira M. Allende Alonso,"Universidad de Cienfuegos, Cuba"
Sira M. Allende Alonso,"Universidad de La Habana, Cuba"
Alejandro Tamayo Castillo,"Facultad de Matemática y Computación, Universidad de La Habana, Cuba"
Anna Fernández Girone,"Facultad de Matemática y Computación, Universidad de La Habana, Cuba"
Miguel Katrib Mora,"Facultad de Matemática y Computación, Universidad de La Habana, Cuba"
Sylvie Paycha,"Department of Mathematics and Computer Science, Rutgers University"
Sylvie Paycha,"Institute of Mathematics, University of Potsdam"
Sylvie Paycha,"Yangtze Center of Mathematics, Department of Mathematics, Sichuan University"
Li Guo,"Department of Mathematics and Computer Science, Rutgers University"
Li Guo,"Institute of Mathematics, University of Potsdam"
Li Guo,"Yangtze Center of Mathematics, Department of Mathematics, Sichuan University"
Bin Zhang,"Department of Mathematics and Computer Science, Rutgers University"
Bin Zhang,"Institute of Mathematics, University of Potsdam"
Bin Zhang,"Yangtze Center of Mathematics, Department of Mathematics, Sichuan University"
Susely Figueroa Iglesias,"Departamento de Matemática, Universidad de La Habana, Cuba"
Mariano Rodríguez Ricard,"Departamento de Matemática, Universidad de La Habana, Cuba"
Jorge Estrada Sarlabous,"Inst. de Cibernética Matemática y Física, La Habana, Cuba"
Jorge Estrada Sarlabous,"Departamento de Matemática, Universidad Máximo Gómez Báez, Cuba"
Jorge Estrada Sarlabous,"Centro de Investigación en Matemáticas A.C, Gto. México"
Pedro Luis Del Angel Rodríguez,"Inst. de Cibernética Matemática y Física, La Habana, Cuba"
Pedro Luis Del Angel Rodríguez,"Departamento de Matemática, Universidad Máximo Gómez Báez, Cuba"
Pedro Luis Del Angel Rodríguez,"Centro de Investigación en Matemáticas A.C, Gto. México"
Huber Mart´ınez Rodr´ıguez,"Inst. de Cibernética Matemática y Física, La Habana, Cuba"
Huber Mart´ınez Rodr´ıguez,"Departamento de Matemática, Universidad Máximo Gómez Báez, Cuba"
Huber Mart´ınez Rodr´ıguez,"Centro de Investigación en Matemáticas A.C, Gto. México"
Julio Cruz Cruz,"Departamento de Licenciatura en Matemática, Universidad de Holguín, Cuba"
Ricardo Abreu Blaya,"Departamento de Licenciatura en Matemática, Universidad de Holguín, Cuba"
Carlos Segura Vidal,"Departamento de Licenciatura en Matemática, Universidad de Holguín, Cuba"
Ivett E. Fuentes,"Universidad Central 'Marta Abreu' de las Villas, Cuba"
Ivett E. Fuentes,"XETIC, La Habana, Cuba"
Michel Cabezas,"Universidad Central 'Marta Abreu' de las Villas, Cuba"
Michel Cabezas,"XETIC, La Habana, Cuba"
María M. García,"Universidad Central 'Marta Abreu' de las Villas, Cuba"
María M. García,"XETIC, La Habana, Cuba"
Damny Magdaleno Guevara,"Universidad Central 'Marta Abreu' de las Villas, Cuba"
Damny Magdaleno Guevara,"XETIC, La Habana, Cuba"
F. García-Alonso,"Universidad de Alicante, Grupo de Investigación Modelización Matemática de Sistemas, España"
F. García-Alonso,"Escuela Politécnica Superior, Universidad de Alicante, España"
J. A. Reyes,"Universidad de Alicante, Grupo de Investigación Modelización Matemática de Sistemas, España"
J. A. Reyes,"Escuela Politécnica Superior, Universidad de Alicante, España"
M. Cortés-Molina,"Universidad de Alicante, Grupo de Investigación Modelización Matemática de Sistemas, España"
M. Cortés-Molina,"Escuela Politécnica Superior, Universidad de Alicante, España"
Eberto R. Morgado Morales,"Universidad Central“Marta Abreu”de Las Villas, Santa Clara, Cuba"
Eberto R. Morgado Morales,"Centro de Investigaciones en Matemática (CIMAT), Guanajuato, México"
Evaristo Madarro Capó,"Universidad Central“Marta Abreu”de Las Villas, Santa Clara, Cuba"
Evaristo Madarro Capó,"Centro de Investigaciones en Matemática (CIMAT), Guanajuato, México"
Oristela Cuéllar Justiz,"Universidad Central“Marta Abreu”de Las Villas, Santa Clara, Cuba"
Oristela Cuéllar Justiz,"Centro de Investigaciones en Matemática (CIMAT), Guanajuato, México"
Guillermo Sosa Gómez,"Universidad Central“Marta Abreu”de Las Villas, Santa Clara, Cuba"
Guillermo Sosa Gómez,"Centro de Investigaciones en Matemática (CIMAT), Guanajuato, México"
Abel Fernández Infante1*,"Universidad de La Habana, Cuba, lrp@matcom.uh.cu"
Abel Fernández Infante1*,"Instituto Superior Polite´cnico Jose´ A. Echeverr´ıa, La Habana, Cuba, afdez@cemat.cujae.edu.cu"
Prof. Dr. Luis Ramiro Piñeiro Díaz,"Universidad de La Habana, Cuba, lrp@matcom.uh.cu"
Prof. Dr. Luis Ramiro Piñeiro Díaz,"Instituto Superior Polite´cnico Jose´ A. Echeverr´ıa, La Habana, Cuba, afdez@cemat.cujae.edu.cu"
Allan Blanco García,"ELAM, La Habana, Cuba"
Allan Blanco García,"CCSA, La Habana, Cuba"
Elisabet Vivar Reyes,"ELAM, La Habana, Cuba"
Elisabet Vivar Reyes,"CCSA, La Habana, Cuba"
Juan Carlos Navarro González,"ELAM, La Habana, Cuba"
Juan Carlos Navarro González,"CCSA, La Habana, Cuba"
Allan Blanco García,"ELAM, La Habana, Cuba"
Allan Blanco García,"CCSA, La Habana, Cuba"
Elisabet Vivar Reyes,"ELAM, La Habana, Cuba"
Elisabet Vivar Reyes,"CCSA, La Habana, Cuba"
Juan Carlos Navarro González,"ELAM, La Habana, Cuba"
Juan Carlos Navarro González,"CCSA, La Habana, Cuba"
Lourdes Souto Anido,"Facultad de Econom´ıa de la Universidad de La Habana, Cuba"
Irene Garc´ıa Rondón,"Facultad de Econom´ıa de la Universidad de La Habana, Cuba"
Alberto Verdecia Cabrera,"Universidad de Granma, Cuba"
Alberto Verdecia Cabrera,"IMNi, Niquero, Cuba"
David La O Naranjo,"Universidad de Granma, Cuba"
David La O Naranjo,"IMNi, Niquero, Cuba"
Agustín Alejandro Ortiz Díaz,"Universidad de Granma, Cuba"
Agustín Alejandro Ortiz Díaz,"IMNi, Niquero, Cuba"
Ramón Osmany Ramírez Tase,"Universidad de Granma, Cuba"
Ramón Osmany Ramírez Tase,"IMNi, Niquero, Cuba"
Isvani Frías Blanco,"Universidad de Granma, Cuba"
Isvani Frías Blanco,"IMNi, Niquero, Cuba"
Leisy Sosa Castro,"Universidad Agraria de La Habana”Fructuoso Rodríguez Pérez”, Facultad de Ciencias Técnicas, Cuba"
Sébastien Martin,"Université Toulouse 3 Paul Sabatier, Institut de Mathématiques de Toulouse CNRS UMR5219"
Sébastien Martin,"Université Paris Descartes, MAP5 CNRS UMR8145"
Franck Boyer,"Université Toulouse 3 Paul Sabatier, Institut de Mathématiques de Toulouse CNRS UMR5219"
Franck Boyer,"Université Paris Descartes, MAP5 CNRS UMR8145"
Dayron Chang Dominguez1*,"DepartamentodeSoftware, SIMPRO, La Habana, Cuba, ee2@mitsa.cu"
Dayron Chang Dominguez1*,"Centro de Meteorolog´ia Agr´ıcola, Instituto de Meteorolog´ıade Cuba, La Habana, Cuba, dayron.chang@insmet.cu"
José Enrique Alvarez Iglesias2,"DepartamentodeSoftware, SIMPRO, La Habana, Cuba, ee2@mitsa.cu"
José Enrique Alvarez Iglesias2,"Centro de Meteorolog´ia Agr´ıcola, Instituto de Meteorolog´ıade Cuba, La Habana, Cuba, dayron.chang@insmet.cu"
Ana Isis Toledo Marrero,"Departamento de Matemática, Universidad de La Habana, Cuba"
Jorge Estrada Hernández,"Departamento de Matemática, Universidad de La Habana, Cuba"
Armando Arredondo Soto,"CEMAT, Instituto Superior Politécnico José Antonio Echeverría, La Habana, Cuba"
Armando Arredondo Soto,"IGP-Servicio Geológico de Cuba, La Habana, Cuba"
Ernesto Iglesias Rodríguez,"CEMAT, Instituto Superior Politécnico José Antonio Echeverría, La Habana, Cuba"
Ernesto Iglesias Rodríguez,"IGP-Servicio Geológico de Cuba, La Habana, Cuba"
Yoan Quintana Herrera,"Facultad de Matema´tica y Computacio´n, Universidad de La Habana, La Habana, Cuba"
Luis Sorinas Morales,"Facultad de Matema´tica y Computacio´n, Universidad de La Habana, La Habana, Cuba"
Miguel Angel Socorro Borges,"VERTEX Entornos Interactivos 3D, Universidad de las Ciencias Informáticas, La Habana, Cuba"
Miguel Angel Socorro Borges,"Centro de Informática Industrial, Universidad de las Ciencias Informáticas, La Habana, Cuba"
Angel Ulise Tabares González,"VERTEX Entornos Interactivos 3D, Universidad de las Ciencias Informáticas, La Habana, Cuba"
Angel Ulise Tabares González,"Centro de Informática Industrial, Universidad de las Ciencias Informáticas, La Habana, Cuba"
Abraham Toledo Sánchez,"Facultad de Matema´tica y Computacio´n de la Universidad de La Habana, San La´zaro y L, CP10400, La Habana, Cuba."
Otilio B. Mederos Anoceto,"Facultad de Ciencias F´ısico-Matema´ticas, Universidad Auto´noma de Coahuila, Me´xico"
Otilio B. Mederos Anoceto,"Facultad de Matema´tica y Computacio´n, Universidad de La Habana, Cuba"
Rita A. Roldán Inguanzo,"Facultad de Ciencias F´ısico-Matema´ticas, Universidad Auto´noma de Coahuila, Me´xico"
Rita A. Roldán Inguanzo,"Facultad de Matema´tica y Computacio´n, Universidad de La Habana, Cuba"
Pablo Homero Velastegui López,"Universidad Técnica de Ambato, Ambato, Ecuador"
Pablo Homero Velastegui López,"Facultad de Matemática y Computación, Universidad de La Habana, Cuba"
Dr.C Ricardo Sánchez Casanova,"Universidad Técnica de Ambato, Ambato, Ecuador"
Dr.C Ricardo Sánchez Casanova,"Facultad de Matemática y Computación, Universidad de La Habana, Cuba"
Luis Efraín Velastegui López,"Universidad Técnica de Ambato, Ambato, Ecuador"
Luis Efraín Velastegui López,"Facultad de Matemática y Computación, Universidad de La Habana, Cuba"
Marelys Crespo Navas,"Facultad de Matemática y Computación, Universidad de La Habana, La Habana, Cuba"
Vivian Sistachs Vega,"Facultad de Matemática y Computación, Universidad de La Habana, La Habana, Cuba"
Greneter Cordoves Delgado,"Departamento de Matemática, Universidad de Cienfuegos, Cienfuegos, Cuba"
Greneter Cordoves Delgado,"Departamento de Informática, Universidad de Cienfuegos, Cienfuegos, Cuba"
Boris Pérez Canedo,"Departamento de Matemática, Universidad de Cienfuegos, Cienfuegos, Cuba"
Boris Pérez Canedo,"Departamento de Informática, Universidad de Cienfuegos, Cienfuegos, Cuba"
Eduardo R. Concepción Morales,"Departamento de Matemática, Universidad de Cienfuegos, Cienfuegos, Cuba"
Eduardo R. Concepción Morales,"Departamento de Informática, Universidad de Cienfuegos, Cienfuegos, Cuba"
Ligia Ferreira Gomez,"Departamento de Análisis Clínicos y Toxicológicos, Universidad de São Paulo, São Paulo, Brasil"
Ligia Ferreira Gomez,"Departamento de Análisis Clínicos y Toxicológicos, Facultad de Ciencias Farmacéuticas, Universidad Federal de Alfenas, Minas Gerais, Brasil"
Ligia Ferreira Gomez,"Departamento de Computación, Universidad de Oriente, Santiago de Cuba, Cuba"
Ligia Ferreira Gomez,"Departamento de Fisiopatología Experimental, Facultad de Medicina, Universidad de São Paulo, São Paulo, Brasil"
Silena Herold Garc´ıa,"Departamento de Análisis Clínicos y Toxicológicos, Universidad de São Paulo, São Paulo, Brasil"
Silena Herold Garc´ıa,"Departamento de Análisis Clínicos y Toxicológicos, Facultad de Ciencias Farmacéuticas, Universidad Federal de Alfenas, Minas Gerais, Brasil"
Silena Herold Garc´ıa,"Departamento de Computación, Universidad de Oriente, Santiago de Cuba, Cuba"
Silena Herold Garc´ıa,"Departamento de Fisiopatología Experimental, Facultad de Medicina, Universidad de São Paulo, São Paulo, Brasil"
Miriela Escobedo Nicot,"Departamento de Análisis Clínicos y Toxicológicos, Universidad de São Paulo, São Paulo, Brasil"
Miriela Escobedo Nicot,"Departamento de Análisis Clínicos y Toxicológicos, Facultad de Ciencias Farmacéuticas, Universidad Federal de Alfenas, Minas Gerais, Brasil"
Miriela Escobedo Nicot,"Departamento de Computación, Universidad de Oriente, Santiago de Cuba, Cuba"
Miriela Escobedo Nicot,"Departamento de Fisiopatología Experimental, Facultad de Medicina, Universidad de São Paulo, São Paulo, Brasil"
Wilkie Delgado Font,"Departamento de Análisis Clínicos y Toxicológicos, Universidad de São Paulo, São Paulo, Brasil"
Wilkie Delgado Font,"Departamento de Análisis Clínicos y Toxicológicos, Facultad de Ciencias Farmacéuticas, Universidad Federal de Alfenas, Minas Gerais, Brasil"
Wilkie Delgado Font,"Departamento de Computación, Universidad de Oriente, Santiago de Cuba, Cuba"
Wilkie Delgado Font,"Departamento de Fisiopatología Experimental, Facultad de Medicina, Universidad de São Paulo, São Paulo, Brasil"
Camila Machado,"Departamento de Análisis Clínicos y Toxicológicos, Universidad de São Paulo, São Paulo, Brasil"
Camila Machado,"Departamento de Análisis Clínicos y Toxicológicos, Facultad de Ciencias Farmacéuticas, Universidad Federal de Alfenas, Minas Gerais, Brasil"
Camila Machado,"Departamento de Computación, Universidad de Oriente, Santiago de Cuba, Cuba"
Camila Machado,"Departamento de Fisiopatología Experimental, Facultad de Medicina, Universidad de São Paulo, São Paulo, Brasil"
Elisa Monteiro Pereira,"Departamento de Análisis Clínicos y Toxicológicos, Universidad de São Paulo, São Paulo, Brasil"
Elisa Monteiro Pereira,"Departamento de Análisis Clínicos y Toxicológicos, Facultad de Ciencias Farmacéuticas, Universidad Federal de Alfenas, Minas Gerais, Brasil"
Elisa Monteiro Pereira,"Departamento de Computación, Universidad de Oriente, Santiago de Cuba, Cuba"
Elisa Monteiro Pereira,"Departamento de Fisiopatología Experimental, Facultad de Medicina, Universidad de São Paulo, São Paulo, Brasil"
F. García-Alonso,"Universidad de Alicante (España), Escuela Politécnica Superior, Departamento de Matemática Aplicada"
J. A. Reyes,"Universidad de Alicante (España), Escuela Politécnica Superior, Departamento de Matemática Aplicada"
Dr. Lorgio F. Batard Martínez,"Departamento de Matemática, Universidad Central Marta Abreu, Santa Clara, Villa Clara, Cuba"
MSc. Yanelis Estrada Hernández,"Departamento de Matemática, Universidad Central Marta Abreu, Santa Clara, Villa Clara, Cuba"
Dr. Lorgio F. Batard Martínez,"Departamento de Matemática, Universidad Central Marta Abreu de Las Villas, Santa Clara, Villa Clara, Cuba"
MSc. Yanelis Estrada Hernández,"Departamento de Matemática, Universidad Central Marta Abreu de Las Villas, Santa Clara, Villa Clara, Cuba"
José R. Velázquez Codina,"Universidad de Holguín, Cuba"
Julián Bravo Castillero,"Universidad de La Habana, Facultad de Matemática y Computación"
Reinaldo Rodr(cid:237)guez Ramos,"Universidad de La Habana, Facultad de Matemática y Computación"
Juan Manuel Regalado Gómez,"Universidad de La Habana, Facultad de Matemática y Computación"
Raúl Guinovart Díaz,"Universidad de La Habana, Facultad de Matemática y Computación"
Luis Giraldo González Ricardo,"Universidad de La Habana, Facultad de Matemática y Computación, La Habana, Cuba."
Carlos Sánchez Fernández,"Universidad de La Habana, Facultad de Matemática y Computación, La Habana, Cuba."
M. A. García-March,Instituto de Matemática Pura y Aplicada
M. A. García-March,Universidad de La Habana
M. A. García-March,Universidad Politécnica de Valencia
M. A. García-March,Universidad Católica de Valencia
M. A. García-March,Universidad Hermanos Saiz
P. Fernández de Córdoba,Instituto de Matemática Pura y Aplicada
P. Fernández de Córdoba,Universidad de La Habana
P. Fernández de Córdoba,Universidad Politécnica de Valencia
P. Fernández de Córdoba,Universidad Católica de Valencia
P. Fernández de Córdoba,Universidad Hermanos Saiz
J. M. Isidro,Instituto de Matemática Pura y Aplicada
J. M. Isidro,Universidad de La Habana
J. M. Isidro,Universidad Politécnica de Valencia
J. M. Isidro,Universidad Católica de Valencia
J. M. Isidro,Universidad Hermanos Saiz
Dagoberto Acosta Iglesias,Instituto de Matemática Pura y Aplicada
Dagoberto Acosta Iglesias,Universidad de La Habana
Dagoberto Acosta Iglesias,Universidad Politécnica de Valencia
Dagoberto Acosta Iglesias,Universidad Católica de Valencia
Dagoberto Acosta Iglesias,Universidad Hermanos Saiz
J. L. G. Santander,Instituto de Matemática Pura y Aplicada
J. L. G. Santander,Universidad de La Habana
J. L. G. Santander,Universidad Politécnica de Valencia
J. L. G. Santander,Universidad Católica de Valencia
J. L. G. Santander,Universidad Hermanos Saiz
Carlos Sánchez Fernández,"Universidad de La Habana, Cuba"
Carlos Sánchez Fernández,Facultad de Matemática y Computación
Concepción Valdés Castro,"Universidad de La Habana, Cuba"
Concepción Valdés Castro,Facultad de Matemática y Computación
F. García-Alonso,Escuela Politécnica Superior (E.P.S.). Departamento de Matemática Aplicada. Universidad de Alicante (España).
J. A. Reyes,Escuela Politécnica Superior (E.P.S.). Departamento de Matemática Aplicada. Universidad de Alicante (España).
Ángela León Mec´ıas,Instituto de Meteorología
Ángela León Mec´ıas,"Departamento de Matemática Aplicada, Universidad de La Habana"
Maibys Sierra Lorenzo,Instituto de Meteorología
Maibys Sierra Lorenzo,"Departamento de Matemática Aplicada, Universidad de La Habana"
Mario Carnesoltas Calvo,Instituto de Meteorología
Mario Carnesoltas Calvo,"Departamento de Matemática Aplicada, Universidad de La Habana"
Nivian Quintana,Instituto de Meteorología
Nivian Quintana,"Departamento de Matemática Aplicada, Universidad de La Habana"
Dr.C Ricardo Sánchez Casanova,Universidad de Camagüey
Dr.C Ricardo Sánchez Casanova,Universidad de La Habana
Dra. Olga Lidia Pérez González,Universidad de Camagüey
Dra. Olga Lidia Pérez González,Universidad de La Habana
Yoanh Espinosa Almeyda,"Universidad de La Habana, Cuba"
Raúl Guinovart Díaz,"Universidad de La Habana, Cuba"
Yanely Zaldivar Gerpe,"Universidad de La Habana, Cuba"
Julián Bravo Castillero,"Universidad de La Habana, Cuba"
Reinaldo Rodr(cid:237)guez Ramos,"Universidad de La Habana, Cuba"
Alexandre I. Grebennikov,"Benemérita Universidad Autónoma de Puebla, FCFM BUAP"
Emmanuel Abdias Romano Castillo,"Benemérita Universidad Autónoma de Puebla, FCFM BUAP"
Nelson Díaz,"Facultad de Matemática y Computación, Universidad de La Habana. Cuba"
Pablo Freyre Arrozarena,"Facultad de Matemática y Computación, Universidad de La Habana. Cuba"
Oristela Cuéllar Justiz,"Departamento de Matemáticas, Universidad Central Marta Abreu, Las Villas"
Guillermo Sosa Gómez,"Departamento de Matemáticas, Universidad Central Marta Abreu, Las Villas"
Oristela Cuéllar Justiz,"Departamento de Matemáticas, Universidad Central Marta Abreu, Las Villas"
Guillermo Sosa Gómez,"Departamento de Matemáticas, Universidad Central Marta Abreu, Las Villas"
MSc. Denis Martínez Tápanes,"Universidad Central Marta Abreu, Las Villas"
MSc. Denis Martínez Tápanes,"Universidad de Ciencias Médicas, Santa Clara"
Dr. José Enrique Martínez Serra,"Universidad Central Marta Abreu, Las Villas"
Dr. José Enrique Martínez Serra,"Universidad de Ciencias Médicas, Santa Clara"
Carlos Sánchez Fernández,"Universidad de La Habana, Cuba"
Carlos Sánchez Fernández,Facultad de Matemática y Computación
Concepción Valdés Castro,"Universidad de La Habana, Cuba"
Concepción Valdés Castro,Facultad de Matemática y Computación
Dr.C. José Fidel Hernández Advíncula,"Facultad de Matemática y Computación, Universidad de La Habana"
Lic. Bely Rodríguez Morales,"Facultad de Matemática y Computación, Universidad de La Habana"
Dr.C. José Fidel Hernández Advíncula,Facultad de Matemática y Computación Universidad de La Habana
Lic. Laura Decalo Salgado,Facultad de Matemática y Computación Universidad de La Habana
Daniela Bonilla Barraza,"Universidad del Tolima, Colombia"
Daniela Bonilla Barraza,"Universidad de La Serena, Chile"
Daniela Bonilla Barraza,"Ponti(cid:980)icia Universidad Católica de Valparaíso, Chile"
Leonardo Solanilla Chavarro,"Universidad del Tolima, Colombia"
Leonardo Solanilla Chavarro,"Universidad de La Serena, Chile"
Leonardo Solanilla Chavarro,"Ponti(cid:980)icia Universidad Católica de Valparaíso, Chile"
Marcela Parraguez González,"Universidad del Tolima, Colombia"
Marcela Parraguez González,"Universidad de La Serena, Chile"
Marcela Parraguez González,"Ponti(cid:980)icia Universidad Católica de Valparaíso, Chile"
Daniela Bonilla Barraza,"Universidad del Tolima, Colombia"
Daniela Bonilla Barraza,"Universidad de La Serena, Chile"
Daniela Bonilla Barraza,"Ponti(cid:980)icia Universidad Católica de Valparaíso, Chile"
Leonardo Solanilla Chavarro,"Universidad del Tolima, Colombia"
Leonardo Solanilla Chavarro,"Universidad de La Serena, Chile"
Leonardo Solanilla Chavarro,"Ponti(cid:980)icia Universidad Católica de Valparaíso, Chile"
Marcela Parraguez González,"Universidad del Tolima, Colombia"
Marcela Parraguez González,"Universidad de La Serena, Chile"
Marcela Parraguez González,"Ponti(cid:980)icia Universidad Católica de Valparaíso, Chile"
Otilio B. Mederos Anoceto,"Facultad de Ciencias Físico-Matemáticas, Universidad Autónoma de Coahuila, México"
Otilio B. Mederos Anoceto,"Facultad de Matemática Física y Computación, Universidad Central de Las Villas, Cuba"
Rita A. Roldán Inguanzo,"Facultad de Ciencias Físico-Matemáticas, Universidad Autónoma de Coahuila, México"
Rita A. Roldán Inguanzo,"Facultad de Matemática Física y Computación, Universidad Central de Las Villas, Cuba"
Dr. José Enrique Martínez Serra,"Facultad de Ciencias Físico-Matemáticas, Universidad Autónoma de Coahuila, México"
Dr. José Enrique Martínez Serra,"Facultad de Matemática Física y Computación, Universidad Central de Las Villas, Cuba"
Herminia Hernández Fernández,"Facultad de Matemática y Computación, Universidad de La Habana"
Herminia Hernández Fernández,"Centro de Estudios para la Educación Superior (CEPES), Universidad de La Habana"
María del Carmen Rivalta Valladares,"Facultad de Matemática y Computación, Universidad de La Habana"
María del Carmen Rivalta Valladares,"Centro de Estudios para la Educación Superior (CEPES), Universidad de La Habana"
Luis A. Salomón Hernández,"Universidad de La Habana, Facultad de Matemática y Computación, Departamento de Matemática Aplicada"
Alina Fernández Arias,"Departamento de Matemática, Universidad de La Habana, La Habana, Cuba"
Alina Fernández Arias,"Departamento de Matemática Aplicada, Universidad de La Habana, La Habana, Cuba"
Sira M. Allende Alonso,"Departamento de Matemática, Universidad de La Habana, La Habana, Cuba"
Sira M. Allende Alonso,"Departamento de Matemática Aplicada, Universidad de La Habana, La Habana, Cuba"
Ángela León Mec´ıas,DepartamentodeMatema´ticaAplicada
Ángela León Mec´ıas,Cuba
Ángela León Mec´ıas,FacultaddeMatema´ticayComputacio´n
Ángela León Mec´ıas,UniversidaddeLaHabana
Daniel Alejandro Mesejo León,DepartamentodeMatema´ticaAplicada
Daniel Alejandro Mesejo León,Cuba
Daniel Alejandro Mesejo León,FacultaddeMatema´ticayComputacio´n
Daniel Alejandro Mesejo León,UniversidaddeLaHabana
Damian Valdés Santiago,DepartamentodeMatema´ticaAplicada
Damian Valdés Santiago,Cuba
Damian Valdés Santiago,FacultaddeMatema´ticayComputacio´n
Damian Valdés Santiago,UniversidaddeLaHabana
J. G. Tinoco-Ruiz,"Facultad de Ciencias F´ısico Matema´ticas, Universidad Michoacan de San Nicola´s de Hidalgo, Morelia, Me´xico"
J. G. Tinoco-Ruiz,"Universidad Abierta y a Distancia de Me´xico, Ciudad de Me´xico, Me´xico"
F. J. Dom´ınguez-Mota,"Facultad de Ciencias F´ısico Matema´ticas, Universidad Michoacan de San Nicola´s de Hidalgo, Morelia, Me´xico"
F. J. Dom´ınguez-Mota,"Universidad Abierta y a Distancia de Me´xico, Ciudad de Me´xico, Me´xico"
M. L. Ruiz-Zavala,"Facultad de Ciencias F´ısico Matema´ticas, Universidad Michoacan de San Nicola´s de Hidalgo, Morelia, Me´xico"
M. L. Ruiz-Zavala,"Universidad Abierta y a Distancia de Me´xico, Ciudad de Me´xico, Me´xico"
A. Gaona-Arias,"Facultad de Ciencias F´ısico Matema´ticas, Universidad Michoacan de San Nicola´s de Hidalgo, Morelia, Me´xico"
A. Gaona-Arias,"Universidad Abierta y a Distancia de Me´xico, Ciudad de Me´xico, Me´xico"
G. Sánchez-Yépez,"Facultad de Ciencias F´ısico Matema´ticas, Universidad Michoacan de San Nicola´s de Hidalgo, Morelia, Me´xico"
G. Sánchez-Yépez,"Universidad Abierta y a Distancia de Me´xico, Ciudad de Me´xico, Me´xico"
Laidy De Armas Jacomino,"Facultad de Ciencias Informa´ticas, Universidad de Ciegode A´vila Ma´ximo Go´mez Ba´ez, Ciegode A´vila, Cuba."
Laidy De Armas Jacomino,"Centro de Estudios de Informa´tica, Universidad Central”Marta Abreu”de Las Villas, Cuba."
Rafael Bello Pérez,"Facultad de Ciencias Informa´ticas, Universidad de Ciegode A´vila Ma´ximo Go´mez Ba´ez, Ciegode A´vila, Cuba."
Rafael Bello Pérez,"Centro de Estudios de Informa´tica, Universidad Central”Marta Abreu”de Las Villas, Cuba."
Carlos Morell Pérez,"Facultad de Ciencias Informa´ticas, Universidad de Ciegode A´vila Ma´ximo Go´mez Ba´ez, Ciegode A´vila, Cuba."
Carlos Morell Pérez,"Centro de Estudios de Informa´tica, Universidad Central”Marta Abreu”de Las Villas, Cuba."
Lic. Mar´ıa Esther Reyes Calzado,"Departamento de Matemática, Universidad de la Habana, Cuba"
Dra. Marta Lourdes Baguer Díaz-Romañach,"DepartamentodeMatema´ticaAplicada,FacultaddeMatema´ticayComputacio´n,UniversidaddeLaHabana,Cuba"
Ceyli M. Ricardo Gomar,"DepartamentodeMatema´ticaAplicada,FacultaddeMatema´ticayComputacio´n,UniversidaddeLaHabana,Cuba"
Jorge Del Risco Mart´ınez,"DepartamentodeMatema´ticaAplicada,FacultaddeMatema´ticayComputacio´n,UniversidaddeLaHabana,Cuba"
Yanet Rodríguez Sarabia,"Centro de Estudios de Informática, Universidad Central 'Marta Abreu' de Las Villas, Villa Clara, Cuba"
Yanet Rodríguez Sarabia,"Departamento de informática, Universidad de Granma, Cuba"
Yanet Rodríguez Sarabia,"Instituto de Ciencias Matemáticas de Computación, Universidad de São Paulo, Brasil"
Alberto Verdecia Cabrera,"Centro de Estudios de Informática, Universidad Central 'Marta Abreu' de Las Villas, Villa Clara, Cuba"
Alberto Verdecia Cabrera,"Departamento de informática, Universidad de Granma, Cuba"
Alberto Verdecia Cabrera,"Instituto de Ciencias Matemáticas de Computación, Universidad de São Paulo, Brasil"
Agustín Alejandro Ortiz Díaz,"Centro de Estudios de Informática, Universidad Central 'Marta Abreu' de Las Villas, Villa Clara, Cuba"
Agustín Alejandro Ortiz Díaz,"Departamento de informática, Universidad de Granma, Cuba"
Agustín Alejandro Ortiz Díaz,"Instituto de Ciencias Matemáticas de Computación, Universidad de São Paulo, Brasil"
Isvani Frías Blanco,"Centro de Estudios de Informática, Universidad Central 'Marta Abreu' de Las Villas, Villa Clara, Cuba"
Isvani Frías Blanco,"Departamento de informática, Universidad de Granma, Cuba"
Isvani Frías Blanco,"Instituto de Ciencias Matemáticas de Computación, Universidad de São Paulo, Brasil"
Antonio Mustelier Hechavarría,"Centro de Estudios de Informática, Universidad Central 'Marta Abreu' de Las Villas, Villa Clara, Cuba"
Antonio Mustelier Hechavarría,"Departamento de informática, Universidad de Granma, Cuba"
Antonio Mustelier Hechavarría,"Instituto de Ciencias Matemáticas de Computación, Universidad de São Paulo, Brasil"
Adrian Donatien Charón,"DepartamentodeMatemática, FCNE, Universidad de Oriente, Cuba"
Mijail Borges Quintana,"DepartamentodeMatemática, FCNE, Universidad de Oriente, Cuba"
Miguel Angel Borges Trenard,"DepartamentodeMatemática, FCNE, Universidad de Oriente, Cuba"
Luis Giraldo González Ricardo,"DepartamentodeMatema´tica,UniversidaddeLaHabana,LaHabana,Cuba"
Dr.C Ricardo Sánchez Casanova,"FacultadMatemática y Computación,Universidad de La Habana, Cuba"
Dr.C Ricardo Sánchez Casanova,"DepartamentodeMatemática,UniversidadSantaMaría campusGuayaquil, Ecuador"
Idania Urrutia Roman´ı,"FacultadMatemática y Computación,Universidad de La Habana, Cuba"
Idania Urrutia Roman´ı,"DepartamentodeMatemática,UniversidadSantaMaría campusGuayaquil, Ecuador"
Moisés Villena Muñoz,"FacultadMatemática y Computación,Universidad de La Habana, Cuba"
Moisés Villena Muñoz,"DepartamentodeMatemática,UniversidadSantaMaría campusGuayaquil, Ecuador"
Claudia Fonte Sánchez,"DepartamentodeMatema´tica,UniversidaddeLaHabana,Cuba"
Carlos Sánchez Fernández,"DepartamentodeMatema´tica,UniversidaddeLaHabana,Cuba"
Ransés Alfonso Rodríguez,"Departamento de Matemática, Universidad de La Habana"
David Guinovart Sanjuán,"Departamento de Matemática, Universidad de La Habana"
Raúl Guinovart Díaz,"Departamento de Matemática, Universidad de La Habana"
Julián Bravo Castillero,"Departamento de Matemática, Universidad de La Habana"
Reinaldo Rodr(cid:237)guez Ramos,"Departamento de Matemática, Universidad de La Habana"
Pablo Barrera Sánchez,"Centro de Estudios para el Perfeccionamiento de la Educacio´n Superior, Universidad de La Habana, Cuba"
Pablo Barrera Sánchez,"Facultad de Ciencias, Universidad Nacional Auto´noma de Me´xico, Ciudad de Me´xico"
Pablo Barrera Sánchez,"Departamentode Matema´tica, Institutode Ciberne´tica Matema´ticay F´ısica, La Habana, Cuba"
Isidro A. Abelló Ugalde,"Centro de Estudios para el Perfeccionamiento de la Educacio´n Superior, Universidad de La Habana, Cuba"
Isidro A. Abelló Ugalde,"Facultad de Ciencias, Universidad Nacional Auto´noma de Me´xico, Ciudad de Me´xico"
Isidro A. Abelló Ugalde,"Departamentode Matema´tica, Institutode Ciberne´tica Matema´ticay F´ısica, La Habana, Cuba"
Victoria Hernández Mederos,"Centro de Estudios para el Perfeccionamiento de la Educacio´n Superior, Universidad de La Habana, Cuba"
Victoria Hernández Mederos,"Facultad de Ciencias, Universidad Nacional Auto´noma de Me´xico, Ciudad de Me´xico"
Victoria Hernández Mederos,"Departamentode Matema´tica, Institutode Ciberne´tica Matema´ticay F´ısica, La Habana, Cuba"
Guilmer F. González Flores,"Centro de Estudios para el Perfeccionamiento de la Educacio´n Superior, Universidad de La Habana, Cuba"
Guilmer F. González Flores,"Facultad de Ciencias, Universidad Nacional Auto´noma de Me´xico, Ciudad de Me´xico"
Guilmer F. González Flores,"Departamentode Matema´tica, Institutode Ciberne´tica Matema´ticay F´ısica, La Habana, Cuba"
Alina Fernández Arias,"Facultad de Matema´tica y Computacio´n, Universidad de La Habana, La Habana, Cuba"
Sira M. Allende Alonso,"Facultad de Matema´tica y Computacio´n, Universidad de La Habana, La Habana, Cuba"
Ligia Ferreira Gomez,"DepartamentodeAna´lisesCl´ınicaseToxicolo´gicas,FaculdadedeCieˆnciasFarmaceˆuticas,UniversidadeFederaldeAlfenas,MinasGerais,Brasil"
Ligia Ferreira Gomez,"DepartamentodeAna´lisisCl´ınicosyToxicolo´gicos,UniversidaddeSa˜oPaulo,Sa˜oPaulo,Brasil"
Ligia Ferreira Gomez,"DepartamentodeComputacio´n,UniversidaddeOriente,SantiagodeCuba,Cuba"
Ligia Ferreira Gomez,"DepartamentodeFisiopatologiaExperimental,FaculdadedeMedicina,UniversidadedeSa˜oPaulo,Sa˜oPaulo,Brasil"
Elisângela Monteiro Pereira,"DepartamentodeAna´lisesCl´ınicaseToxicolo´gicas,FaculdadedeCieˆnciasFarmaceˆuticas,UniversidadeFederaldeAlfenas,MinasGerais,Brasil"
Elisângela Monteiro Pereira,"DepartamentodeAna´lisisCl´ınicosyToxicolo´gicos,UniversidaddeSa˜oPaulo,Sa˜oPaulo,Brasil"
Elisângela Monteiro Pereira,"DepartamentodeComputacio´n,UniversidaddeOriente,SantiagodeCuba,Cuba"
Elisângela Monteiro Pereira,"DepartamentodeFisiopatologiaExperimental,FaculdadedeMedicina,UniversidadedeSa˜oPaulo,Sa˜oPaulo,Brasil"
Silena Herold Garc´ıa,"DepartamentodeAna´lisesCl´ınicaseToxicolo´gicas,FaculdadedeCieˆnciasFarmaceˆuticas,UniversidadeFederaldeAlfenas,MinasGerais,Brasil"
Silena Herold Garc´ıa,"DepartamentodeAna´lisisCl´ınicosyToxicolo´gicos,UniversidaddeSa˜oPaulo,Sa˜oPaulo,Brasil"
Silena Herold Garc´ıa,"DepartamentodeComputacio´n,UniversidaddeOriente,SantiagodeCuba,Cuba"
Silena Herold Garc´ıa,"DepartamentodeFisiopatologiaExperimental,FaculdadedeMedicina,UniversidadedeSa˜oPaulo,Sa˜oPaulo,Brasil"
Miriela Escobedo Nicot,"DepartamentodeAna´lisesCl´ınicaseToxicolo´gicas,FaculdadedeCieˆnciasFarmaceˆuticas,UniversidadeFederaldeAlfenas,MinasGerais,Brasil"
Miriela Escobedo Nicot,"DepartamentodeAna´lisisCl´ınicosyToxicolo´gicos,UniversidaddeSa˜oPaulo,Sa˜oPaulo,Brasil"
Miriela Escobedo Nicot,"DepartamentodeComputacio´n,UniversidaddeOriente,SantiagodeCuba,Cuba"
Miriela Escobedo Nicot,"DepartamentodeFisiopatologiaExperimental,FaculdadedeMedicina,UniversidadedeSa˜oPaulo,Sa˜oPaulo,Brasil"
Wilkie Delgado Font,"DepartamentodeAna´lisesCl´ınicaseToxicolo´gicas,FaculdadedeCieˆnciasFarmaceˆuticas,UniversidadeFederaldeAlfenas,MinasGerais,Brasil"
Wilkie Delgado Font,"DepartamentodeAna´lisisCl´ınicosyToxicolo´gicos,UniversidaddeSa˜oPaulo,Sa˜oPaulo,Brasil"
Wilkie Delgado Font,"DepartamentodeComputacio´n,UniversidaddeOriente,SantiagodeCuba,Cuba"
Wilkie Delgado Font,"DepartamentodeFisiopatologiaExperimental,FaculdadedeMedicina,UniversidadedeSa˜oPaulo,Sa˜oPaulo,Brasil"
Camila Machado,"DepartamentodeAna´lisesCl´ınicaseToxicolo´gicas,FaculdadedeCieˆnciasFarmaceˆuticas,UniversidadeFederaldeAlfenas,MinasGerais,Brasil"
Camila Machado,"DepartamentodeAna´lisisCl´ınicosyToxicolo´gicos,UniversidaddeSa˜oPaulo,Sa˜oPaulo,Brasil"
Camila Machado,"DepartamentodeComputacio´n,UniversidaddeOriente,SantiagodeCuba,Cuba"
Camila Machado,"DepartamentodeFisiopatologiaExperimental,FaculdadedeMedicina,UniversidadedeSa˜oPaulo,Sa˜oPaulo,Brasil"
Nelson Claudio Córdova Rosas,"Universidad Te´cnica Federico Santa Mar´ıa, Ecuador–Chile"
Nelson Claudio Córdova Rosas,"Facultad de Matema´tica y Computacio´n, Universidad de La Habana, Cuba"
Dr.C Ricardo Sánchez Casanova,"Universidad Te´cnica Federico Santa Mar´ıa, Ecuador–Chile"
Dr.C Ricardo Sánchez Casanova,"Facultad de Matema´tica y Computacio´n, Universidad de La Habana, Cuba"
Idania Urrutia Roman´ı,"Universidad Te´cnica Federico Santa Mar´ıa, Ecuador–Chile"
Idania Urrutia Roman´ı,"Facultad de Matema´tica y Computacio´n, Universidad de La Habana, Cuba"
Laidy De Armas Jacomino,"Facultad de Ciencias Informáticas, Universidad de Ciego de Ávila Máximo Gómez Báez, Ciego de Ávila, Cuba"
Danilo Valdes Ramirez,"Facultad de Ciencias Informáticas, Universidad de Ciego de Ávila Máximo Gómez Báez, Ciego de Ávila, Cuba"
Laura Casas Fuentes,"Departamento de Matemática, Universidad de Camagüey, Camagüey, Cuba"
Laura Casas Fuentes,"Facultad de Ciencias, Universidad Autónoma de Santo Domingo, Santo Domingo, República Dominicana"
Laura Casas Fuentes,"Facultad de Matemática y Computación, Universidad de La Habana, La Habana, Cuba"
Angela Martin Sánchez,"Departamento de Matemática, Universidad de Camagüey, Camagüey, Cuba"
Angela Martin Sánchez,"Facultad de Ciencias, Universidad Autónoma de Santo Domingo, Santo Domingo, República Dominicana"
Angela Martin Sánchez,"Facultad de Matemática y Computación, Universidad de La Habana, La Habana, Cuba"
Dr.C Ricardo Sánchez Casanova,"Departamento de Matemática, Universidad de Camagüey, Camagüey, Cuba"
Dr.C Ricardo Sánchez Casanova,"Facultad de Ciencias, Universidad Autónoma de Santo Domingo, Santo Domingo, República Dominicana"
Dr.C Ricardo Sánchez Casanova,"Facultad de Matemática y Computación, Universidad de La Habana, La Habana, Cuba"
Dra. Olga Lidia Pérez González,"Departamento de Matemática, Universidad de Camagüey, Camagüey, Cuba"
Dra. Olga Lidia Pérez González,"Facultad de Ciencias, Universidad Autónoma de Santo Domingo, Santo Domingo, República Dominicana"
Dra. Olga Lidia Pérez González,"Facultad de Matemática y Computación, Universidad de La Habana, La Habana, Cuba"
Frank Reyes Garc´ıa,"Universidad Central“Marta Abreu”de Las Villas, Villa Clara, Cuba"
Isel Moreno Montes de Oca,"Universidad Central“Marta Abreu”de Las Villas, Villa Clara, Cuba"
Abel Rodr´ıguez Morffi,"Universidad Central“Marta Abreu”de Las Villas, Villa Clara, Cuba"
Lisbet Hernández Cárdenas,"Universidad Central“Marta Abreu”de Las Villas, Villa Clara, Cuba"
Ángela León Mec´ıas,"Programa de Posgrado en Ciencias de la Tierra, Universidad Nacional Auto´noma de Me´xico, D.F., Me´xico"
Ángela León Mec´ıas,"Instituto Nacional de Pesquisas Espaciais, Centro de Previsa˜ode Tempo e Estudos Clima´ticos Cachoeira Paulista, Sa˜o Paulo, Brasil"
Ángela León Mec´ıas,"Departamento de Matema´tica Aplicada, Facultad de Matema´ticay Computacio´n, Universidad de La Habana, Cuba"
Ángela León Mec´ıas,"Centro de F´ısica de la Atmo´sfera, Instituto de Meteorolog´ıa, Habana, Cuba"
Maibys Sierra Lorenzo,"Programa de Posgrado en Ciencias de la Tierra, Universidad Nacional Auto´noma de Me´xico, D.F., Me´xico"
Maibys Sierra Lorenzo,"Instituto Nacional de Pesquisas Espaciais, Centro de Previsa˜ode Tempo e Estudos Clima´ticos Cachoeira Paulista, Sa˜o Paulo, Brasil"
Maibys Sierra Lorenzo,"Departamento de Matema´tica Aplicada, Facultad de Matema´ticay Computacio´n, Universidad de La Habana, Cuba"
Maibys Sierra Lorenzo,"Centro de F´ısica de la Atmo´sfera, Instituto de Meteorolog´ıa, Habana, Cuba"
Angel Domingues Chovert,"Programa de Posgrado en Ciencias de la Tierra, Universidad Nacional Auto´noma de Me´xico, D.F., Me´xico"
Angel Domingues Chovert,"Instituto Nacional de Pesquisas Espaciais, Centro de Previsa˜ode Tempo e Estudos Clima´ticos Cachoeira Paulista, Sa˜o Paulo, Brasil"
Angel Domingues Chovert,"Departamento de Matema´tica Aplicada, Facultad de Matema´ticay Computacio´n, Universidad de La Habana, Cuba"
Angel Domingues Chovert,"Centro de F´ısica de la Atmo´sfera, Instituto de Meteorolog´ıa, Habana, Cuba"
Evelyn Elisa Mart´ınez Sabari,"Programa de Posgrado en Ciencias de la Tierra, Universidad Nacional Auto´noma de Me´xico, D.F., Me´xico"
Evelyn Elisa Mart´ınez Sabari,"Instituto Nacional de Pesquisas Espaciais, Centro de Previsa˜ode Tempo e Estudos Clima´ticos Cachoeira Paulista, Sa˜o Paulo, Brasil"
Evelyn Elisa Mart´ınez Sabari,"Departamento de Matema´tica Aplicada, Facultad de Matema´ticay Computacio´n, Universidad de La Habana, Cuba"
Evelyn Elisa Mart´ınez Sabari,"Centro de F´ısica de la Atmo´sfera, Instituto de Meteorolog´ıa, Habana, Cuba"
Dra. Marta Lourdes Baguer Díaz-Romañach,"DepartamentodeMatema´ticaAplicada,FacultaddeMatema´ticayComputacio´n,UniversidaddeLaHabana,Cuba"
Dra. Marta Lourdes Baguer Díaz-Romañach,"HospitalMaternode10deOctubre,LaHabana,Cuba"
Águeda Santana Mart´ınez,"DepartamentodeMatema´ticaAplicada,FacultaddeMatema´ticayComputacio´n,UniversidaddeLaHabana,Cuba"
Águeda Santana Mart´ınez,"HospitalMaternode10deOctubre,LaHabana,Cuba"
Saúl Olivera Perdomo,"DepartamentodeMatema´ticaAplicada,FacultaddeMatema´ticayComputacio´n,UniversidaddeLaHabana,Cuba"
Saúl Olivera Perdomo,"HospitalMaternode10deOctubre,LaHabana,Cuba"
Damian Valdés Santiago,"DepartamentodeMatema´ticaAplicada,FacultaddeMatema´ticayComputacio´n,UniversidaddeLaHabana,Cuba"
Damian Valdés Santiago,"HospitalMaternode10deOctubre,LaHabana,Cuba"
Dr. Lorgio F. Batard Martínez,"Departamento de Matemática, Universidad Central de Las Villas, 54830 Santa Clara, Cuba"
Dr. Lorgio F. Batard Martínez,"Departamento de Física, Universidad Central de Las Villas, 54830 Santa Clara, Cuba"
MSc. Yanelis Estrada Hernández,"Departamento de Matemática, Universidad Central de Las Villas, 54830 Santa Clara, Cuba"
MSc. Yanelis Estrada Hernández,"Departamento de Física, Universidad Central de Las Villas, 54830 Santa Clara, Cuba"
Lic. Roxana Pérez García,"Departamento de Matemática, Universidad Central de Las Villas, 54830 Santa Clara, Cuba"
Lic. Roxana Pérez García,"Departamento de Física, Universidad Central de Las Villas, 54830 Santa Clara, Cuba"
Erick Manuel Delgado Moya,"Departamento de Matemática, Pontificia Universidade Católica do Rio de Janeiro, Brasil"
Erick Manuel Delgado Moya,"Departamento de Matemática, Universidad de La Habana, Cuba"
Aymée de los Ángeles Marrero Severo,"Departamento de Matemática, Pontificia Universidade Católica do Rio de Janeiro, Brasil"
Aymée de los Ángeles Marrero Severo,"Departamento de Matemática, Universidad de La Habana, Cuba"
Dianne Miyares Moreno,"Dirección de Calidad, Universidad Tecnológica de la Habana, Habana, Cuba"
Dianne Miyares Moreno,"Instituto de Criptografía, Facultad de Matemática y Computación, Universidad de la Habana, Habana, Cuba"
C. M. Legón,"Dirección de Calidad, Universidad Tecnológica de la Habana, Habana, Cuba"
C. M. Legón,"Instituto de Criptografía, Facultad de Matemática y Computación, Universidad de la Habana, Habana, Cuba"
Ismel Martínez Díaz,"Dirección de Calidad, Universidad Tecnológica de la Habana, Habana, Cuba"
Ismel Martínez Díaz,"Instituto de Criptografía, Facultad de Matemática y Computación, Universidad de la Habana, Habana, Cuba"
Yolanda O’Farrill Dinza,"Facultad de Matemáticay Computación, Universidad de La Habana, Cuba"
Yolanda O’Farrill Dinza,"Facultad de Ingeniería Agrícola, Escuela Superior Politécnica Agropecuariade Manabí, Ecuador"
Yolanda O’Farrill Dinza,"Departamentode Matemática, Universidad Tecnológicade La Habana José Antonio Echeverría, Cuba"
Dr.C Ricardo Sánchez Casanova,"Facultad de Matemáticay Computación, Universidad de La Habana, Cuba"
Dr.C Ricardo Sánchez Casanova,"Facultad de Ingeniería Agrícola, Escuela Superior Politécnica Agropecuariade Manabí, Ecuador"
Dr.C Ricardo Sánchez Casanova,"Departamentode Matemática, Universidad Tecnológicade La Habana José Antonio Echeverría, Cuba"
Jonathan Chicaiza Intriago,"Facultad de Matemáticay Computación, Universidad de La Habana, Cuba"
Jonathan Chicaiza Intriago,"Facultad de Ingeniería Agrícola, Escuela Superior Politécnica Agropecuariade Manabí, Ecuador"
Jonathan Chicaiza Intriago,"Departamentode Matemática, Universidad Tecnológicade La Habana José Antonio Echeverría, Cuba"
José Armando Vivero González,"DepartamentodeMatema´tica,UniversidadLaHabana,Cuba"
Dr.C. José Fidel Hernández Advíncula,"DepartamentodeMatema´tica,UniversidadLaHabana,Cuba"
Mar´ıa Virginia Rodr´ıguez Quiroz,Universidad de la Habana. Cuba
Mar´ıa Virginia Rodr´ıguez Quiroz,Universidad San Agust´ın. Arequipa. Perú
Idania Urrutia Roman´ı,Universidad de la Habana. Cuba
Idania Urrutia Roman´ı,Universidad San Agust´ın. Arequipa. Perú
Pablo Freyre Arrozarena,"Institute of Cryptography, Faculty of Mathematics and Computer Science, University of Havana, Cuba."
Adrián Alfonso Pen˜ate,"Institute of Cryptography, Faculty of Mathematics and Computer Science, University of Havana, Cuba."
Alberto Fernández Oliva,"Departamento de Programación e Ingeniería de software, Universidad de la Habana, La Habana, Cuba"
Joanna Campbell Amos,"Departamento de Programación e Ingeniería de software, Universidad de la Habana, La Habana, Cuba"
Rainer Llera Menocal,"Departamento de Programación e Ingeniería de software, Universidad de la Habana, La Habana, Cuba"
C. M. Legón,"Universidad Central de las Villas, Villa Clara, Cuba"
C. M. Legón,"Universidad de la Habana, Facultad de Matemática y Computación, Instituto de Criptografía, La Habana, Cuba"
C. M. Legón,"CUJAE, Facultad de Informática, La Habana, Cuba"
E. J. Madarro,"Universidad Central de las Villas, Villa Clara, Cuba"
E. J. Madarro,"Universidad de la Habana, Facultad de Matemática y Computación, Instituto de Criptografía, La Habana, Cuba"
E. J. Madarro,"CUJAE, Facultad de Informática, La Habana, Cuba"
Y. Matos,"Universidad Central de las Villas, Villa Clara, Cuba"
Y. Matos,"Universidad de la Habana, Facultad de Matemática y Computación, Instituto de Criptografía, La Habana, Cuba"
Y. Matos,"CUJAE, Facultad de Informática, La Habana, Cuba"
A. Figueroa-Romero,"FacultaddeCienciasTe´cnicas,UniversidaddeGranma,Cuba"
A. Figueroa-Romero,"DepartamentodeMatema´tica,UniversidaddelaHabana,CiudadHabana,Cuba"
A. Soria-Lorente,"FacultaddeCienciasTe´cnicas,UniversidaddeGranma,Cuba"
A. Soria-Lorente,"DepartamentodeMatema´tica,UniversidaddelaHabana,CiudadHabana,Cuba"
Juan Carlos Hernández Gómez,"Unidad Académica de Matemáticas, Universidad Autónoma de Guerrero, Guerrero, México"
Juan Carlos Hernández Gómez,"Departamento de Licenciatura en Matemática, Universidad de Holguín, Holguín, Cuba"
José María Sigarreta Almira,"Unidad Académica de Matemáticas, Universidad Autónoma de Guerrero, Guerrero, México"
José María Sigarreta Almira,"Departamento de Licenciatura en Matemática, Universidad de Holguín, Holguín, Cuba"
Ernesto Parra Inza,"Unidad Académica de Matemáticas, Universidad Autónoma de Guerrero, Guerrero, México"
Ernesto Parra Inza,"Departamento de Licenciatura en Matemática, Universidad de Holguín, Holguín, Cuba"
Carlos Segura Vidal,"Unidad Académica de Matemáticas, Universidad Autónoma de Guerrero, Guerrero, México"
Carlos Segura Vidal,"Departamento de Licenciatura en Matemática, Universidad de Holguín, Holguín, Cuba"
Lic. Mar´ıa Esther Reyes Calzado,"DepartamentodeMatema´tica,FacultaddeMatema´ticayComputacio´n,UniversidaddelaHabana,Cuba"
Lic. Javier Alejandro Quintero Roba,"DepartamentodeMatema´tica,FacultaddeMatema´ticayComputacio´n,UniversidaddelaHabana,Cuba"
Dra. Elina Miret Barroso,"DepartamentodeMatema´tica,FacultaddeMatema´ticayComputacio´n,UniversidaddelaHabana,Cuba"
Jorge E. Macías-Díaz,"Departamento de Matemáticas y Física, Universidad Autónoma de Aguascalientes, México"
Alejandro Mesejo Chiong,"DepartamentodeMatema´tica,UniversidaddelaHabana,Cuba"
Alejandro Mesejo Chiong,"DepartamentodeMatema´ticaAplicada,UniversidaddeOriente,Cuba"
Glicerio Viltres Castro,"DepartamentodeMatema´tica,UniversidaddelaHabana,Cuba"
Glicerio Viltres Castro,"DepartamentodeMatema´ticaAplicada,UniversidaddeOriente,Cuba"
Miguel Ángel Abreu Terán,"DepartamentodeMatema´tica,UniversidaddelaHabana,Cuba"
Miguel Ángel Abreu Terán,"DepartamentodeMatema´ticaAplicada,UniversidaddeOriente,Cuba"
Milenis Fernández Díaz,"Centro de Estudios de Matemática Computacional, Universidad de las Ciencias Informáticas, La Habana, Cuba"
Milenis Fernández Díaz,"Departamento de Física, Universidad de Pinardel Río, Pinardel Río, Cuba"
Milenis Fernández Díaz,"Centro de Geoinformática y Señales Digitales, Universidad de las Ciencias Informáticas, La Habana, Cuba"
José Quintín Cuador Gil,"Centro de Estudios de Matemática Computacional, Universidad de las Ciencias Informáticas, La Habana, Cuba"
José Quintín Cuador Gil,"Departamento de Física, Universidad de Pinardel Río, Pinardel Río, Cuba"
José Quintín Cuador Gil,"Centro de Geoinformática y Señales Digitales, Universidad de las Ciencias Informáticas, La Habana, Cuba"
César Raúl García Jacas,"Centro de Estudios de Matemática Computacional, Universidad de las Ciencias Informáticas, La Habana, Cuba"
César Raúl García Jacas,"Departamento de Física, Universidad de Pinardel Río, Pinardel Río, Cuba"
César Raúl García Jacas,"Centro de Geoinformática y Señales Digitales, Universidad de las Ciencias Informáticas, La Habana, Cuba"
Mir´ıam G. Báez-Hernández,"Facultad de Matema´ticas, Univesidad Veracruzana, Me´xico"
J. Rigoberto Gabriel-Argu¨elles,"Facultad de Matema´ticas, Univesidad Veracruzana, Me´xico"
M. Lorena Avendan˜o-Garrido,"Facultad de Matema´ticas, Univesidad Veracruzana, Me´xico"
Luis Orlando Castellanos Pérez,"DepartamentodeLicenciaturaenMatema´tica,UniversidaddeHolgu´ın,Holgu´ın,Cuba"
Carmen Tejeda Toledo,"DepartamentodeLicenciaturaenMatema´tica,UniversidaddeHolgu´ın,Holgu´ın,Cuba"
S. Behar Jeqúın,"DepartamentodeMatema´tica,UniversidaddelaHabana,LaHabana,Cuba"
S. Behar Jeqúın,"DepartamentodeMatema´tica,InstitutodeCiberne´tica,Matema´ticayF´ısica,LaHabana,Cuba"
Jorge Estrada Sarlabous,"DepartamentodeMatema´tica,UniversidaddelaHabana,LaHabana,Cuba"
Jorge Estrada Sarlabous,"DepartamentodeMatema´tica,InstitutodeCiberne´tica,Matema´ticayF´ısica,LaHabana,Cuba"
Wilfredo Morales Lezca,"DepartamentodeMatema´tica,UniversidaddelaHabana,LaHabana,Cuba"
Wilfredo Morales Lezca,"DepartamentodeMatema´tica,InstitutodeCiberne´tica,Matema´ticayF´ısica,LaHabana,Cuba"
Lic. Roxana Pérez García,"DepartamentodeMatema´tica,UniversidaddelaHabana,LaHabana,Cuba"
Lic. Roxana Pérez García,"DepartamentodeMatema´tica,InstitutodeCiberne´tica,Matema´ticayF´ısica,LaHabana,Cuba"
Prof. Dr. Luis Ramiro Piñeiro Díaz,Instituto de Criptografía
Prof. Dr. Luis Ramiro Piñeiro Díaz,Facultad de Matemática y Computación de la Universidad de La Habana
Prof. Dr. Luis Ramiro Piñeiro Díaz,"Sección Científica de Criptografía, SCMC"
Dr C. Manuel Mariño Betancourt,"UniversidaddeHolgu´ın,Holgu´ın,Cuba"
Dr C. Manuel Mariño Betancourt,"DepartamentodeInforma´tica,UniversidaddeHolgu´ın,Holgu´ın,Cuba"
Esp. David Ricardo Ledo Baster,"UniversidaddeHolgu´ın,Holgu´ın,Cuba"
Esp. David Ricardo Ledo Baster,"DepartamentodeInforma´tica,UniversidaddeHolgu´ın,Holgu´ın,Cuba"
Dr C. Miguel Cruz Ramírez,"UniversidaddeHolgu´ın,Holgu´ın,Cuba"
Dr C. Miguel Cruz Ramírez,"DepartamentodeInforma´tica,UniversidaddeHolgu´ın,Holgu´ın,Cuba"
Ernesto Dominguez Fiallo,"Instituto de Criptografía, Universidad de La Habana, La Habana, Cuba"
Frank E. Acosta Fonseca,"Instituto de Criptografía, Universidad de La Habana, La Habana, Cuba"
Dr. Luis R. Piñeiro Díaz,"Instituto de Criptografía, Universidad de La Habana, La Habana, Cuba"
DraC Teresa Bernarda Pagés López,"Instituto de Criptografía, Universidad de la Habana, La Habana, Cuba"
Claudia Espinosa Contreras,"Instituto de Criptograf´ıa, UniversidaddelaHabana, La Habana, Cuba"
Claudia Espinosa Contreras,"DepartamentodeMatema´tica, Facultad de Ciencias Informa´ticas, Universidad de Ciego de A´vila, Cuba"
Claudia Espinosa Contreras,Empresa de Tecnolog´ıas para la Defensa (XETID)
Yessica Caridad Castan˜o Sainz,"Instituto de Criptograf´ıa, UniversidaddelaHabana, La Habana, Cuba"
Yessica Caridad Castan˜o Sainz,"DepartamentodeMatema´tica, Facultad de Ciencias Informa´ticas, Universidad de Ciego de A´vila, Cuba"
Yessica Caridad Castan˜o Sainz,Empresa de Tecnolog´ıas para la Defensa (XETID)
Huber Mart´ınez Rodr´ıguez,"Instituto de Criptograf´ıa, UniversidaddelaHabana, La Habana, Cuba"
Huber Mart´ınez Rodr´ıguez,"DepartamentodeMatema´tica, Facultad de Ciencias Informa´ticas, Universidad de Ciego de A´vila, Cuba"
Huber Mart´ınez Rodr´ıguez,Empresa de Tecnolog´ıas para la Defensa (XETID)
José A. Ornella Rodriguez,"Departamento de Matemática, Universidad de Oriente, Santiago de Cuba, Cuba"
Mijail Borges Quintana,"Departamento de Matemática, Universidad de Oriente, Santiago de Cuba, Cuba"
Irene Martínez Ferrer,"Dirección de Criptografía, Ministerio del Interior, Santiago de Cuba, Cuba"
Irene Martínez Ferrer,"Departamento de Matemática, Universidad de Oriente, Santiago de Cuba, Cuba"
Mijail Borges Quintana,"Dirección de Criptografía, Ministerio del Interior, Santiago de Cuba, Cuba"
Mijail Borges Quintana,"Departamento de Matemática, Universidad de Oriente, Santiago de Cuba, Cuba"
Miguel Angel Borges Trenard,"Dirección de Criptografía, Ministerio del Interior, Santiago de Cuba, Cuba"
Miguel Angel Borges Trenard,"Departamento de Matemática, Universidad de Oriente, Santiago de Cuba, Cuba"
Dania Tamayo Vera,"Institutode Criptograf´ıa, universidaddela Habana, La Habana, Cuba"
Antonio Bolufé Rohler,"Institutode Criptograf´ıa, universidaddela Habana, La Habana, Cuba"
Rodnel Pen˜a Alvarado,"Institutode Criptograf´ıa, universidaddela Habana, La Habana, Cuba"
Magdiel Vicet Morejón,"InstitutodeCriptograf´ıa, universidaddelaHabana, LaHabana, Cuba"
Magdiel Vicet Morejón,"Ca´tedradeInforma´tica, InstitutoTe´cnicoMilitar, LaHabana, Cuba"
Redelio Hernández Rubio,"InstitutodeCriptograf´ıa, universidaddelaHabana, LaHabana, Cuba"
Redelio Hernández Rubio,"Ca´tedradeInforma´tica, InstitutoTe´cnicoMilitar, LaHabana, Cuba"
Alexi Massó Mun˜oz,"InstitutodeCriptograf´ıa, universidaddelaHabana, LaHabana, Cuba"
Alexi Massó Mun˜oz,"Ca´tedradeInforma´tica, InstitutoTe´cnicoMilitar, LaHabana, Cuba"
Alejandro Freyre,"Instituto de Criptografía, Facultad de Matemática y Computación, Universidad de la Habana, Habana, Cuba"
C. M. Legón,"Instituto de Criptografía, Facultad de Matemática y Computación, Universidad de la Habana, Habana, Cuba"
Ismel Martínez-Díaz,"Instituto de Criptografía, Facultad de Matemática y Computación, Universidad de la Habana, Habana, Cuba"
Eziel Ramos,"Instituto de Criptografía, Facultad de Matemática y Computación, Universidad de la Habana, Habana, Cuba"
Pedro Enrique Navarro Sosa,"Instituto de Criptografía, Universidad de La Habana, La Habana, Cuba"
Carlos Miguel Legón Pérez,"Instituto de Criptografía, Universidad de La Habana, La Habana, Cuba"
Ernesto A. Borrego Rodríguez,"Instituto de Criptografía, Universidad de La Habana, La Habana, Cuba"
Osmani Tito Corrioso,"Departamento de Matemática, Facultad de Ciencias de la Educación, Universidad de Guantánamo, Cuba"
Osmani Tito Corrioso,"Departamento de Matemática, Facultad de Ciencias Naturales y Exactas, Universidad de Oriente, Cuba"
Mijail Borges Quintana,"Departamento de Matemática, Facultad de Ciencias de la Educación, Universidad de Guantánamo, Cuba"
Mijail Borges Quintana,"Departamento de Matemática, Facultad de Ciencias Naturales y Exactas, Universidad de Oriente, Cuba"
Miguel Angel Borges Trenard,"Departamento de Matemática, Facultad de Ciencias de la Educación, Universidad de Guantánamo, Cuba"
Miguel Angel Borges Trenard,"Departamento de Matemática, Facultad de Ciencias Naturales y Exactas, Universidad de Oriente, Cuba"
Osviel Rodriguez Valdés,"InstitutodeCriptogtaf´ıa,UniversidaddelaHabana,LaHabana,Cuba"
Osviel Rodriguez Valdés,"UniversidadTecnolo´gicadelaHabanaJose´ A.Echeverr´ıa,LaHabana,Cuba"
Osviel Rodriguez Valdés,"DepartamentodeProgramacio´nySistemasDigitales,UniversidaddelasCienciasInforma´ticas,LaHabana,Cuba"
Raisa Socorro Llanes,"InstitutodeCriptogtaf´ıa,UniversidaddelaHabana,LaHabana,Cuba"
Raisa Socorro Llanes,"UniversidadTecnolo´gicadelaHabanaJose´ A.Echeverr´ıa,LaHabana,Cuba"
Raisa Socorro Llanes,"DepartamentodeProgramacio´nySistemasDigitales,UniversidaddelasCienciasInforma´ticas,LaHabana,Cuba"
Carlos Miguel Legón Pérez,"InstitutodeCriptogtaf´ıa,UniversidaddelaHabana,LaHabana,Cuba"
Carlos Miguel Legón Pérez,"UniversidadTecnolo´gicadelaHabanaJose´ A.Echeverr´ıa,LaHabana,Cuba"
Carlos Miguel Legón Pérez,"DepartamentodeProgramacio´nySistemasDigitales,UniversidaddelasCienciasInforma´ticas,LaHabana,Cuba"
Ernesto Dominguez Fiallo,"Instituto de Criptografía, Universidad de La Habana, La Habana, Cuba"
Frank E. Acosta Fonseca,"Instituto de Criptografía, Universidad de La Habana, La Habana, Cuba"
Dr. Luis R. Piñeiro Díaz,"Instituto de Criptografía, Universidad de La Habana, La Habana, Cuba"
Reynier A. de la Cruz Jiménez,La Habana
Reynier A. de la Cruz Jiménez,Instituto de Criptograf´ıa
Reynier A. de la Cruz Jiménez,Universidad de La Habana
Reynier A. de la Cruz Jiménez,Cuba
Ramses Rodr´ıguez Aulet,La Habana
Ramses Rodr´ıguez Aulet,Instituto de Criptograf´ıa
Ramses Rodr´ıguez Aulet,Universidad de La Habana
Ramses Rodr´ıguez Aulet,Cuba
Mario A. Vera-Villamar,"Facultad de Matemática y Computación, Universidad de La Habana, Cuba"
Mario A. Vera-Villamar,"Escuela Superior Politécnica del Litoral, Guayaquil, Ecuador"
Jose Alejandro Mesejo-Chiong,"Facultad de Matemática y Computación, Universidad de La Habana, Cuba"
Jose Alejandro Mesejo-Chiong,"Escuela Superior Politécnica del Litoral, Guayaquil, Ecuador"
Brenda Lambert Lamazares,"Departamento de Matemática, Instituto de Cibernética Matemática y Física, La Habana, Cuba"
Brenda Lambert Lamazares,"Departamento de Matemática Aplicada, Universidad de La Habana, La Habana, Cuba"
Vivian Sistachs Vega,"Departamento de Matemática, Instituto de Cibernética Matemática y Física, La Habana, Cuba"
Vivian Sistachs Vega,"Departamento de Matemática Aplicada, Universidad de La Habana, La Habana, Cuba"
Ernesto A. Borrego Rodríguez,"Instituto de Criptografía, Facultad de Matemática y Computación, Universidad de la Habana"
Ernesto A. Borrego Rodríguez,"Facultad de Ciencias y tecnologías, Universidad de las ciencias Informáticas"
Ernesto A. Borrego Rodríguez,"Facultad de Informática, Universidad Tecnológica de La Habana"
Osviel Rodriguez Valdés,"Instituto de Criptografía, Facultad de Matemática y Computación, Universidad de la Habana"
Osviel Rodriguez Valdés,"Facultad de Ciencias y tecnologías, Universidad de las ciencias Informáticas"
Osviel Rodriguez Valdés,"Facultad de Informática, Universidad Tecnológica de La Habana"
Pedro Enrique Navarro Sosa,"Instituto de Criptografía, Facultad de Matemática y Computación, Universidad de la Habana"
Pedro Enrique Navarro Sosa,"Facultad de Ciencias y tecnologías, Universidad de las ciencias Informáticas"
Pedro Enrique Navarro Sosa,"Facultad de Informática, Universidad Tecnológica de La Habana"
Raisa Socorro Llanes,"Instituto de Criptografía, Facultad de Matemática y Computación, Universidad de la Habana"
Raisa Socorro Llanes,"Facultad de Ciencias y tecnologías, Universidad de las ciencias Informáticas"
Raisa Socorro Llanes,"Facultad de Informática, Universidad Tecnológica de La Habana"
Carlos Miguel Legón,"Instituto de Criptografía, Facultad de Matemática y Computación, Universidad de la Habana"
Carlos Miguel Legón,"Facultad de Ciencias y tecnologías, Universidad de las ciencias Informáticas"
Carlos Miguel Legón,"Facultad de Informática, Universidad Tecnológica de La Habana"
Dagoberto Acosta Iglesias,"Departamento de Matemática, Universidad de Camagüey, Camagüey, Cuba"
Dagoberto Acosta Iglesias,"Departamento Ciencias de la Tierra, Universidad Estatal Amazónica, Puyo, Ecuador"
Dagoberto Acosta Iglesias,"Departamento de Ingeniería Química, Universidad de Camagüey, Camagüey, Cuba"
Manuel Guardado Hernández,"Departamento de Matemática, Universidad de Camagüey, Camagüey, Cuba"
Manuel Guardado Hernández,"Departamento Ciencias de la Tierra, Universidad Estatal Amazónica, Puyo, Ecuador"
Manuel Guardado Hernández,"Departamento de Ingeniería Química, Universidad de Camagüey, Camagüey, Cuba"
Amaury Pérez Martínez,"Departamento de Matemática, Universidad de Camagüey, Camagüey, Cuba"
Amaury Pérez Martínez,"Departamento Ciencias de la Tierra, Universidad Estatal Amazónica, Puyo, Ecuador"
Amaury Pérez Martínez,"Departamento de Ingeniería Química, Universidad de Camagüey, Camagüey, Cuba"
Gladys Linares Fleites,"Facultad de Ciencias Físico Matemáticas, Benemérita Universidad Autónoma de Puebla"
Gladys Linares Fleites,"Departamento de Investigación en Ciencias Agrícolas, Instituto de Ciencias, Benemérita Universidad Autónoma de Puebla, Puebla, México"
Hortensia J. Reyes Cervantes,"Facultad de Ciencias Físico Matemáticas, Benemérita Universidad Autónoma de Puebla"
Hortensia J. Reyes Cervantes,"Departamento de Investigación en Ciencias Agrícolas, Instituto de Ciencias, Benemérita Universidad Autónoma de Puebla, Puebla, México"
Bulmaro Juárez Hernández,"Facultad de Ciencias Físico Matemáticas, Benemérita Universidad Autónoma de Puebla"
Bulmaro Juárez Hernández,"Departamento de Investigación en Ciencias Agrícolas, Instituto de Ciencias, Benemérita Universidad Autónoma de Puebla, Puebla, México"
Ana A. Oroza Hernández,"Facultad de Ciencias Físico Matemáticas, Benemérita Universidad Autónoma de Puebla"
Ana A. Oroza Hernández,"Departamento de Investigación en Ciencias Agrícolas, Instituto de Ciencias, Benemérita Universidad Autónoma de Puebla, Puebla, México"
María de Luz Gasca Soto,"DepartamentodeMatemáticas,UniversidadNacionalAutónomadeMéxico,México"
Serdaniel Nieves Pupo,"Universidad de La Habana, Cuba"
Serdaniel Nieves Pupo,"Universidad de Pinardel Río 'Hermanos Saíz Montes de Oca', Cuba"
Rita A. Roldán Inguanzo,"Universidad de La Habana, Cuba"
Rita A. Roldán Inguanzo,"Universidad de Pinardel Río 'Hermanos Saíz Montes de Oca', Cuba"
A. Figueroa-Romero,"FacultaddeCienciasTe´cnicas,UniversidaddeGranma,Cuba"
A. Figueroa-Romero,"DepartamentodeMatema´tica,UniversidaddelaHabana,CiudadHabana,Cuba"
A. Soria-Lorente,"FacultaddeCienciasTe´cnicas,UniversidaddeGranma,Cuba"
A. Soria-Lorente,"DepartamentodeMatema´tica,UniversidaddelaHabana,CiudadHabana,Cuba"
Ángela León Mec´ıas,"Departamento de Matemática, Facultad de Matemática y Computación, Universidad de La Habana"
Ángela León Mec´ıas,Instituto de Cibernética Matemática y Física
Ángela León Mec´ıas,Instituto de Meteorología de la República de Cuba
Nigreisy Montalvo Zulueta,"Departamento de Matemática, Facultad de Matemática y Computación, Universidad de La Habana"
Nigreisy Montalvo Zulueta,Instituto de Cibernética Matemática y Física
Nigreisy Montalvo Zulueta,Instituto de Meteorología de la República de Cuba
Lorena León Arencibia,"Departamento de Matemática, Facultad de Matemática y Computación, Universidad de La Habana"
Lorena León Arencibia,Instituto de Cibernética Matemática y Física
Lorena León Arencibia,Instituto de Meteorología de la República de Cuba
Mariella Lorenzo Suárez,"Departamento de Matemática, Facultad de Matemática y Computación, Universidad de La Habana"
Mariella Lorenzo Suárez,Instituto de Cibernética Matemática y Física
Mariella Lorenzo Suárez,Instituto de Meteorología de la República de Cuba
Ludwig Leonard Méndez,"Programming Department, Havana University, Havana, Cuba"
Antonio Alejo Combarro,"Programming Department, Havana University, Havana, Cuba"
José Manuel Espinoza,"Programming Department, Havana University, Havana, Cuba"
Miguel Katrib Mora,"Programming Department, Havana University, Havana, Cuba"
Eladio Jorge Oliveros Saúco,"DepartamentodeMatema´tica,UniversidadSantaMar´ıacampusGuayaquil,Ecuador"
Eladio Jorge Oliveros Saúco,"FacultadMatema´ticayComputacio´n,UniversidaddeLaHabana,Cuba"
Dr.C Ricardo Sánchez Casanova,"DepartamentodeMatema´tica,UniversidadSantaMar´ıacampusGuayaquil,Ecuador"
Dr.C Ricardo Sánchez Casanova,"FacultadMatema´ticayComputacio´n,UniversidaddeLaHabana,Cuba"
Idania Urrutia Roman´ı,"DepartamentodeMatema´tica,UniversidadSantaMar´ıacampusGuayaquil,Ecuador"
Idania Urrutia Roman´ı,"FacultadMatema´ticayComputacio´n,UniversidaddeLaHabana,Cuba"
